INSERT INTO cci_gh_go.countries (id,countryCode,countryName) 
VALUES
(1,'AD','Andorra'),
(2,'AE','United Arab Emirates'),
(3,'AF','Afghanistan'),
(4,'AG','Antigua and Barbuda'),
(5,'AI','Anguilla'),
(6,'AL','Albania'),
(7,'AM','Armenia'),
(8,'AO','Angola'),
(9,'AQ','Antarctica'),
(10,'AR','Argentina'),
(11,'AS','American Samoa'),
(12,'AT','Austria'),
(13,'AU','Australia'),
(14,'AW','Aruba'),
(15,'AX','Åland Islands'),
(16,'AZ','Azerbaijan'),
(17,'BA','Bosnia and Herzegovina'),
(18,'BB','Barbados'),
(19,'BD','Bangladesh'),
(20,'BE','Belgium'),
(21,'BF','Burkina Faso'),
(22,'BG','Bulgaria'),
(23,'BH','Bahrain'),
(24,'BI','Burundi'),
(25,'BJ','Benin'),
(26,'BL','Saint Barthélemy'),
(27,'BM','Bermuda'),
(28,'BN','Brunei Darussalam'),
(29,'BO','Bolivia'),
(30,'BQ','Caribbean Netherlands '),
(31,'BR','Brazil'),
(32,'BS','Bahamas'),
(33,'BT','Bhutan'),
(34,'BV','Bouvet Island'),
(35,'BW','Botswana'),
(36,'BY','Belarus'),
(37,'BZ','Belize'),
(38,'CA','Canada'),
(39,'CC','Cocos (Keeling) Islands'),
(40,'CD','"Congo'),
(41,'CF','Central African Republic'),
(42,'CG','Congo'),
(43,'CH','Switzerland'),
(44,'CI','Cote dIvoire'),
(45,'CK','Cook Islands'),
(46,'CL','Chile'),
(47,'CM','Cameroon'),
(48,'CN','China'),
(49,'CO','Colombia'),
(50,'CR','Costa Rica'),
(51,'CU','Cuba'),
(52,'CV','Cape Verde'),
(53,'CW','Curaçao'),
(54,'CX','Christmas Island'),
(55,'CY','Cyprus'),
(56,'CZ','Czech Republic'),
(57,'DE','Germany'),
(58,'DJ','Djibouti'),
(59,'DK','Denmark'),
(60,'DM','Dominica'),
(61,'DO','Dominican Republic'),
(62,'DZ','Algeria'),
(63,'EC','Ecuador'),
(64,'EE','Estonia'),
(65,'EG','Egypt'),
(66,'EH','Western Sahara'),
(67,'ER','Eritrea'),
(68,'ES','Spain'),
(69,'ET','Ethiopia'),
(70,'FI','Finland'),
(71,'FJ','Fiji'),
(72,'FK','Falkland Islands'),
(73,'FM','"Micronesia'),
(74,'FO','Faroe Islands'),
(75,'FR','France'),
(76,'GA','Gabon'),
(77,'GB','United Kingdom'),
(78,'GD','Grenada'),
(79,'GE','Georgia'),
(80,'GF','French Guiana'),
(81,'GG','Guernsey'),
(82,'GH','Ghana'),
(83,'GI','Gibraltar'),
(84,'GL','Greenland'),
(85,'GM','Gambia'),
(86,'GN','Guinea'),
(87,'GP','Guadeloupe'),
(88,'GQ','Equatorial Guinea'),
(89,'GR','Greece'),
(90,'GS','South Georgia and the South Sandwich Islands'),
(91,'GT','Guatemala'),
(92,'GU','Guam'),
(93,'GW','Guinea-Bissau'),
(94,'GY','Guyana'),
(95,'HK','Hong Kong'),
(96,'HM','Heard and McDonald Islands'),
(97,'HN','Honduras'),
(98,'HR','Croatia'),
(99,'HT','Haiti'),
(100,'HU','Hungary'),
(101,'ID','Indonesia'),
(102,'IE','Ireland'),
(103,'IL','Israel'),
(104,'IM','Isle of Man'),
(105,'IN','India'),
(106,'IO','British Indian Ocean Territory'),
(107,'IQ','Iraq'),
(108,'IR','Iran'),
(109,'IS','Iceland'),
(110,'IT','Italy'),
(111,'JE','Jersey'),
(112,'JM','Jamaica'),
(113,'JO','Jordan'),
(114,'JP','Japan'),
(115,'KE','Kenya'),
(116,'KG','Kyrgyzstan'),
(117,'KH','Cambodia'),
(118,'KI','Kiribati'),
(119,'KM','Comoros'),
(120,'KN','Saint Kitts and Nevis'),
(121,'KP','North Korea'),
(122,'KR','South Korea'),
(123,'KW','Kuwait'),
(124,'KY','Cayman Islands'),
(125,'KZ','Kazakhstan'),
(126,'LA','Lao Peoples Democratic Republic'),
(127,'LB','Lebanon'),
(128,'LC','Saint Lucia'),
(129,'LI','Liechtenstein'),
(130,'LK','Sri Lanka'),
(131,'LR','Liberia'),
(132,'LS','Lesotho'),
(133,'LT','Lithuania'),
(134,'LU','Luxembourg'),
(135,'LV','Latvia'),
(136,'LY','Libya'),
(137,'MA','Morocco'),
(138,'MC','Monaco'),
(139,'MD','Moldova'),
(140,'ME','Montenegro'),
(141,'MF','Saint-Martin (France)'),
(142,'MG','Madagascar'),
(143,'MH','Marshall Islands'),
(144,'MK','Muser_managementdonia'),
(145,'ML','Mali'),
(146,'MM','Myanmar'),
(147,'MN','Mongolia'),
(148,'MO','Macau'),
(149,'MP','Northern Mariana Islands'),
(150,'MQ','Martinique'),
(151,'MR','Mauritania'),
(152,'MS','Montserrat'),
(153,'MT','Malta'),
(154,'MU','Mauritius'),
(155,'MV','Maldives'),
(156,'MW','Malawi'),
(157,'MX','Mexico'),
(158,'MY','Malaysia'),
(159,'MZ','Mozambique'),
(160,'NA','Namibia'),
(161,'NC','New Caledonia'),
(162,'NE','Niger'),
(163,'NF','Norfolk Island'),
(164,'NG','Nigeria'),
(165,'NI','Nicaragua'),
(166,'NL','The Netherlands'),
(167,'NO','Norway'),
(168,'NP','Nepal'),
(169,'NR','Nauru'),
(170,'NU','Niue'),
(171,'NZ','New Zealand'),
(172,'OM','Oman'),
(173,'PA','Panama'),
(174,'PE','Peru'),
(175,'PF','French Polynesia'),
(176,'PG','Papua New Guinea'),
(177,'PH','Philippines'),
(178,'PK','Pakistan'),
(179,'PL','Poland'),
(180,'PM','St. Pierre and Miquelon'),
(181,'PN','Pitcairn'),
(182,'PR','Puerto Rico'),
(183,'PS','"Palestine'),
(184,'PT','Portugal'),
(185,'PW','Palau'),
(186,'PY','Paraguay'),
(187,'QA','Qatar'),
(188,'RE','Réunion'),
(189,'RO','Romania'),
(190,'RS','Serbia'),
(191,'RU','Russian Federation'),
(192,'RW','Rwanda'),
(193,'SA','Saudi Arabia'),
(194,'SB','Solomon Islands'),
(195,'SC','Seychelles'),
(196,'SD','Sudan'),
(197,'SE','Sweden'),
(198,'SG','Singapore'),
(199,'SH','Saint Helena'),
(200,'SI','Slovenia'),
(201,'SJ','Svalbard and Jan Mayen Islands'),
(202,'SK','Slovakia'),
(203,'SL','Sierra Leone'),
(204,'SM','San Marino'),
(205,'SN','Senegal'),
(206,'SO','Somalia'),
(207,'SR','Suriname'),
(208,'SS','South Sudan'),
(209,'ST','Sao Tome and Principe'),
(210,'SV','El Salvador'),
(211,'SX','Sint Maarten (Dutch part)'),
(212,'SY','Syria'),
(213,'SZ','Swaziland'),
(214,'TC','Turks and Caicos Islands'),
(215,'TD','Chad'),
(216,'TF','French Southern Territories'),
(217,'TG','Togo'),
(218,'TH','Thailand'),
(219,'TJ','Tajikistan'),
(220,'TK','Tokelau'),
(221,'TL','Timor-Leste'),
(222,'TM','Turkmenistan'),
(223,'TN','Tunisia'),
(224,'TO','Tonga'),
(225,'TR','Turkey'),
(226,'TT','Trinidad and Tobago'),
(227,'TV','Tuvalu'),
(228,'TW','Taiwan'),
(229,'TZ','Tanzania'),
(230,'UA','Ukraine'),
(231,'UG','Uganda'),
(232,'UM','United States Minor Outlying Islands'),
(233,'US','United States'),
(234,'UY','Uruguay'),
(235,'UZ','Uzbekistan'),
(236,'VA','Vatican'),
(237,'VC','Saint Vincent and the Grenadines'),
(238,'VE','Venezuela'),
(239,'VG','Virgin Islands (British)'),
(240,'VI','Virgin Islands (U.S.)'),
(241,'VN','Vietnam'),
(242,'VU','Vanuatu'),
(243,'WF','Wallis and Futuna Islands'),
(244,'WS','Samoa'),
(245,'YE','Yemen'),
(246,'YT','Mayotte'),
(247,'ZA','South Africa'),
(248,'ZM','Zambia'),
(249,'ZW','Zimbabwe');

INSERT INTO cci_gh_go.usstates (id,stateName,stateCode) 
VALUES
(1,'Alabama','AL'),
(2,'Alaska','AK'),
(3,'Arizona','AZ'),
(4,'Arkansas','AR'),
(5,'California','CA'),
(6,'Colorado','CO'),
(7,'Connecticut','CT'),
(8,'Delaware','DE'),
(9,'District of Columbia','DC'),
(10,'Florida','FL'),
(11,'Georgia','GA'),
(12,'Hawaii','HI'),
(13,'Idaho','ID'),
(14,'Illinois','IL'),
(15,'Indiana','IN'),
(16,'Iowa','IA'),
(17,'Kansas','KS'),
(18,'Kentucky','KY'),
(19,'Louisiana','LA'),
(20,'Maine','ME'),
(21,'Montana','MT'),
(22,'Nebraska','NE'),
(23,'Nevada','NV'),
(24,'New Hampshire','NH'),
(25,'New Jersey','NJ'),
(26,'New Mexico','NM'),
(27,'New York','NY'),
(28,'North Carolina','NC'),
(29,'North Dakota','ND'),
(30,'Ohio','OH'),
(31,'Oklahoma','OK'),
(32,'Oregon','OR'),
(33,'Maryland','MD'),
(34,'Massachusetts','MA'),
(35,'Michigan','MI'),
(36,'Minnesota','MN'),
(37,'Mississippi','MS'),
(38,'Missouri','MO'),
(39,'Pennsylvania','PA'),
(40,'Rhode Island','RI'),
(41,'South Carolina','SC'),
(42,'South Dakota','SD'),
(43,'Tennessee','TN'),
(44,'Texas','TX'),
(45,'Utah','UT'),
(46,'Vermont','VT'),
(47,'Virginia','VA'),
(48,'Washington','WA'),
(49,'West Virginia','WV'),
(50,'Wisconsin','WI'),
(51,'Wyoming','WY');

INSERT INTO `cci_gh_go`.`user_type`(`userTypeId`,`userTypeCode`,`userTypeName`,`createdOn`,`createdBy`,`modifiedOn`,`modifiedBy`)
VALUES 
(1,'CCI','CCI User',CURRENT_TIMESTAMP,1,CURRENT_TIMESTAMP,1),
(2,'PARTNER','Partner login',CURRENT_TIMESTAMP,1,CURRENT_TIMESTAMP,1),
(3,'LC','Local Coordinator',CURRENT_TIMESTAMP,1,CURRENT_TIMESTAMP,1),
(4,'HF','Host Family',CURRENT_TIMESTAMP,1,CURRENT_TIMESTAMP,1),
(5,'EMP','Employer',CURRENT_TIMESTAMP,1,CURRENT_TIMESTAMP,1),
(6,'PARTICIPANT','Participant',CURRENT_TIMESTAMP,1,CURRENT_TIMESTAMP,1);
 
INSERT INTO `cci_gh_go`.`oauth_history` (`nonce`, `timevalue`) 
VALUES
('38lBbL8ewrq1Xbiv98xf', 1332924812),
('4ApqhLt5kb558LTvvs3c', 1332925216),
('7Rb0kgWT6Qyipv7hTqZ2', 1333014111),
('8bHTeUdCXRqbm2dFHH98', 1333350611),
('8t3BdNwuuXmXrOWanTlG', 1333020877),
('D5SLy4zpCINZRZDxUgvt', 1332924804),
('FKCIJSJE3uI15lJEdTEI', 1333017452),
('h7Uv8ip8yFwiKs28roaK', 1333432723),
('IiKflm1pXOqepufPqqBR', 1333351017),
('KboCbqX0RVSJoJ2CyBmd', 1333347193),
('l1yAAs7HkwoXm1HOv2Qa', 1333107548),
('lgXKmDK2e60C6WQxwLBU', 1333454344),
('MMfXAex7IlriE2uD6b81', 1333348794),
('NGbfsyb8srlzml6M9Pkg', 1333454726),
('pH8TEAy8DKSrm1MGuiuP', 1333350602),
('RcNFKrJkGvlZhJ8blRx6', 1333432718),
('SAHnZRm3JeuP1XGeuwsU', 1333362417),
('tWeBTZXqO9hfvHZrrr8R', 1333455386),
('UdTAaBoeLEiyJQxpCbO6', 1333357111),
('uGZXiJVvlv4el6Zz6SOO', 1333351009),
('UqDMKr1Qnc28dhH6xvl6', 1333349902),
('uV2OaQQ7OJu0HFTM5Sx3', 1333349888),
('UZts4D3hKwWszdWnmwEb', 1333107562),
('Wv1ySIhfA6Sd1A4kr3Pk', 1333454352),
('XQmPF0kh2OJIyR8lM2Tq', 1333020936),
('yKmVMypeizwLB8bFC02n', 1333017588),
('yqEBziV6rkQzXlHlZKf4', 1333348807);

INSERT INTO `cci_gh_go`.`login`(`loginId`,`userTypeId`,`loginName`,`password`)
VALUES
(1,1,'sysadmin','password'),
(2,1,'pdirector','password'),
(3,1,'recruiter','password'),
(4,1,'pmanager','password'),
(5,1,'tempstaff','password'),
(6,2,'partner','password'),
(7,3,'localcord','password'),
(8,4,'hostfamily','password'),
(9,5,'employer','password'),
(10,6,'employer1','password');


INSERT INTO `cci_gh_go`.`departments` (`id`,`departmentName`,`acronym`,`createdOn`,`createdBy`,`modifiedOn`,`modifiedBy`,`active`)
VALUES 
(1,'High School Programs','HSP', CURRENT_TIMESTAMP,1,CURRENT_TIMESTAMP,1,1),
(2,'Work Programs','WP', CURRENT_TIMESTAMP,1,CURRENT_TIMESTAMP,1,1),
(3,'Greenheart Travel','GHT', CURRENT_TIMESTAMP,1,CURRENT_TIMESTAMP,1,1),
(4,'Greenheart Club','GHC', CURRENT_TIMESTAMP,1,CURRENT_TIMESTAMP,1,1),
(5,'Greenheart Transforms','GT', CURRENT_TIMESTAMP,1,CURRENT_TIMESTAMP,1,1),
(6,'Accounting','ACC', CURRENT_TIMESTAMP,1,CURRENT_TIMESTAMP,1,1),
(7,'System','SYS', CURRENT_TIMESTAMP,1,CURRENT_TIMESTAMP,1,1);

INSERT INTO `cci_gh_go`.`departmentprograms`(`id`,`departmentID`,`program`,`description`,`createdOn`,`createdBy`,`modifiedOn`,`modifiedBy`)
VALUES
(1,1,'J-1HS','J1HS visa program',CURRENT_TIMESTAMP,1,CURRENT_TIMESTAMP,1),
(2,1,'F-1','F1 visa program',CURRENT_TIMESTAMP,1,CURRENT_TIMESTAMP,1),
(3,1,'STP-IHP','Short term program',CURRENT_TIMESTAMP,1,CURRENT_TIMESTAMP,1),
(4,2,'STP-GHP','Short term greenheart program',CURRENT_TIMESTAMP,1,CURRENT_TIMESTAMP,1),
(5,2,'STP-SSE','School to school exchange',CURRENT_TIMESTAMP,1,CURRENT_TIMESTAMP,1),
(6,2,'CAP','CAP program',CURRENT_TIMESTAMP,1,CURRENT_TIMESTAMP,1),
(7,2,'W&T-DP','Work and Travel',CURRENT_TIMESTAMP,1,CURRENT_TIMESTAMP,1);

INSERT INTO `cci_gh_go`.`departmentprogramoptions` (id, programID, programOptionCode, programOption) 
VALUES 
(1, 1, 'Aug-FY', 'August - Full Year'),
(2, 1, 'Aug-1Sem', 'August - First Semester'),
(4, 1, 'Jan-2Sem', 'January - Second Semester'),
(5, 1, 'Ext', 'Extended'),
(6, 7, 'JB', 'Job Board'),
(7, 7, 'SP', 'Self Placed'),
(8, 7, 'JF', 'Job Fair'),
(9, 7, 'DP', 'Direct Placement'),
(11, 6, 'Int-JB', 'Internship - Job Board'),
(12, 6, 'Trn-JB', 'Trainee - Job Board'),
(13, 6, 'Int-SP', 'Internship - Self Placed'),
(14, 6, 'Trn-SP', 'Trainee - Self Placed');

INSERT INTO `cci_gh_go`.`departmentfunctions`(`id`,`departmentID`,`functionName`,`functionDescription`,`createdOn`,`createdBy`,`modifiedOn`,`modifiedBy`)
VALUES 
(1,1,'Operations','Operation Activities for HSP',CURRENT_TIMESTAMP,1,CURRENT_TIMESTAMP,1),
(2,2,'Recruitment','Recruitment Activity for WP',CURRENT_TIMESTAMP,1,CURRENT_TIMESTAMP,1),
(3,2,'Operations','Operations tasks for WP',CURRENT_TIMESTAMP,1,CURRENT_TIMESTAMP,1),
(4,2,'Services','Service Related activities for WP',CURRENT_TIMESTAMP,1,CURRENT_TIMESTAMP,1);

INSERT INTO `cci_gh_go`.`resourceactions` (`id`, `resourceAction`, `active`, `visibleToUser`,`createdOn`,`createdBy`,`modifiedOn`,`modifiedBy`) 
VALUES 
(1,'Grant', 1, 1,CURRENT_TIMESTAMP,1,CURRENT_TIMESTAMP,1),
(2,'View', 1, 1,CURRENT_TIMESTAMP,1,CURRENT_TIMESTAMP,1),
(3,'Edit', 1, 1,CURRENT_TIMESTAMP,1,CURRENT_TIMESTAMP,1),
(4,'Approve', 1, 1,CURRENT_TIMESTAMP,1,CURRENT_TIMESTAMP,1),
(5,'Receive Notification', 1, 1,CURRENT_TIMESTAMP,1,CURRENT_TIMESTAMP,1),
(6,'Create', 1, 1,CURRENT_TIMESTAMP,1,CURRENT_TIMESTAMP,1),
(7,'Delete', 1, 1,CURRENT_TIMESTAMP,1,CURRENT_TIMESTAMP,1);

INSERT INTO `cci_gh_go`.`resourcegroups` (`id`, `resourceGroupName`,`createdOn`,`createdBy`,`modifiedOn`,`modifiedBy`) 
VALUES 
(1,'Seasons',CURRENT_TIMESTAMP,1,CURRENT_TIMESTAMP,1),
(2,'SEVIS',CURRENT_TIMESTAMP,1,CURRENT_TIMESTAMP,1),
(3,'System Settings',CURRENT_TIMESTAMP,1,CURRENT_TIMESTAMP,1),
(4,'Partners',CURRENT_TIMESTAMP,1,CURRENT_TIMESTAMP,1),
(5,'Employers',CURRENT_TIMESTAMP,1,CURRENT_TIMESTAMP,1),
(6,'Participants',CURRENT_TIMESTAMP,1,CURRENT_TIMESTAMP,1),
(7,'Field Staff',CURRENT_TIMESTAMP,1,CURRENT_TIMESTAMP,1),
(8,'Host Families',CURRENT_TIMESTAMP,1,CURRENT_TIMESTAMP,1),
(9,'Accounting',CURRENT_TIMESTAMP,1,CURRENT_TIMESTAMP,1),
(10,'Change Q - Employers',CURRENT_TIMESTAMP,1,CURRENT_TIMESTAMP,1),
(11,'Change Q - Participants',CURRENT_TIMESTAMP,1,CURRENT_TIMESTAMP,1),
(12,'Background Checks',CURRENT_TIMESTAMP,1,CURRENT_TIMESTAMP,1);

INSERT INTO `cci_gh_go`.`ccistaffroles` (`id`, `cciStaffRole`, `hierarchy`,`createdOn`,`createdBy`,`modifiedOn`,`modifiedBy`) 
VALUES 
(1, 'Program Director', 1,CURRENT_TIMESTAMP,1,CURRENT_TIMESTAMP,1),
(2, 'Program Manager', 2,CURRENT_TIMESTAMP,1,CURRENT_TIMESTAMP,1),
(3, 'Operations Manager', 3,CURRENT_TIMESTAMP,1,CURRENT_TIMESTAMP,1),
(4, 'Services Manager', 4,CURRENT_TIMESTAMP,1,CURRENT_TIMESTAMP,1),
(5, 'Recruitment Manager', 5,CURRENT_TIMESTAMP,1,CURRENT_TIMESTAMP,1),
(6, 'Partner Manager', 6,CURRENT_TIMESTAMP,1,CURRENT_TIMESTAMP,1),
(7, 'Temporary Staff', 7,CURRENT_TIMESTAMP,1,CURRENT_TIMESTAMP,1),
(8, 'System Administrator', 1,CURRENT_TIMESTAMP,1,CURRENT_TIMESTAMP,1);

INSERT INTO `cci_gh_go`.`resourcepermissions` (`id`, `resourceGroupID`, `resourceActionID`, `resourceName`, `resourceDescription`,`createdOn`,`createdBy`,`modifiedOn`,`modifiedBy`,`active`) 
VALUES 
(1, 1, 2, 'View Season', 'What can be VIEWed for Season',CURRENT_TIMESTAMP,1,CURRENT_TIMESTAMP,1,1),
(2, 1, 2, 'Add Season', 'What can be VIEWed for Season',CURRENT_TIMESTAMP,1,CURRENT_TIMESTAMP,1,1),
(3, 1, 2, 'Edit Season', 'What can be VIEWed for Season',CURRENT_TIMESTAMP,1,CURRENT_TIMESTAMP,1,1),
(4, 1, 2, 'Delete Season', 'What can be VIEWed for Season',CURRENT_TIMESTAMP,1,CURRENT_TIMESTAMP,1,1),
(5, 2, 2, 'View SEVIS', 'What can be VIEWed for Season',CURRENT_TIMESTAMP,1,CURRENT_TIMESTAMP,1,1),
(6, 2, 2, 'Edit SEVIS', 'What can be VIEWed for Season',CURRENT_TIMESTAMP,1,CURRENT_TIMESTAMP,1,1),
(7, 3, 2, 'User Management', 'What can be VIEWed for Season',CURRENT_TIMESTAMP,1,CURRENT_TIMESTAMP,1,1),
(8, 4, 2, 'View Partners', 'What can be VIEWed for Season',CURRENT_TIMESTAMP,1,CURRENT_TIMESTAMP,1,1),
(9, 4, 2, 'Edit Partners', 'What can be VIEWed for Season',CURRENT_TIMESTAMP,1,CURRENT_TIMESTAMP,1,1),
(10, 4, 2, 'View Partner Season Details', 'What can be VIEWed for Season',CURRENT_TIMESTAMP,1,CURRENT_TIMESTAMP,1,1),
(11, 4, 2, 'Edit Partner Season Details', 'What can be VIEWed for Season',CURRENT_TIMESTAMP,1,CURRENT_TIMESTAMP,1,1),
(12, 4, 2, 'Change Status of Partners', 'What can be VIEWed for Season',CURRENT_TIMESTAMP,1,CURRENT_TIMESTAMP,1,1),
(13, 4, 2, 'Delete Partners', 'What can be VIEWed for Season',CURRENT_TIMESTAMP,1,CURRENT_TIMESTAMP,1,1),
(14, 4, 2, 'Edit Partner name / Quickbooks Code', 'What can be VIEWed for Season',CURRENT_TIMESTAMP,1,CURRENT_TIMESTAMP,1,1),
(15, 4, 2, 'Receive Notification of Partner Changes', 'What can be VIEWed for Season',CURRENT_TIMESTAMP,1,CURRENT_TIMESTAMP,1,1),
(16, 5, 2, 'Approve Employers', 'What can be VIEWed for Season',CURRENT_TIMESTAMP,1,CURRENT_TIMESTAMP,1,1),
(17, 5, 2, 'Receive Pre-Approval Notifications', 'What can be VIEWed for Season',CURRENT_TIMESTAMP,1,CURRENT_TIMESTAMP,1,1),
(18, 6, 2, 'View Participants', 'What can be VIEWed for Season',CURRENT_TIMESTAMP,1,CURRENT_TIMESTAMP,1,1),
(19, 6, 2, 'Edit Participants', 'What can be VIEWed for Season',CURRENT_TIMESTAMP,1,CURRENT_TIMESTAMP,1,1),
(20, 6, 2, 'View Probation/Repatriation', 'What can be VIEWed for Season',CURRENT_TIMESTAMP,1,CURRENT_TIMESTAMP,1,1),
(21, 6, 2, 'Edit Probation/Repatriation', 'What can be VIEWed for Season',CURRENT_TIMESTAMP,1,CURRENT_TIMESTAMP,1,1),
(22, 6, 2, 'Termination Manager Approval', 'What can be VIEWed for Season',CURRENT_TIMESTAMP,1,CURRENT_TIMESTAMP,1,1),
(23, 7, 2, 'View Field Staff', 'What can be VIEWed for Season',CURRENT_TIMESTAMP,1,CURRENT_TIMESTAMP,1,1),
(24, 7, 2, 'Edit Field Staff', 'What can be VIEWed for Season',CURRENT_TIMESTAMP,1,CURRENT_TIMESTAMP,1,1),
(25, 7, 2, 'Complete Field Staff References', 'What can be VIEWed for Season',CURRENT_TIMESTAMP,1,CURRENT_TIMESTAMP,1,1),
(26, 8, 2, 'View Host Families', 'What can be VIEWed for Season',CURRENT_TIMESTAMP,1,CURRENT_TIMESTAMP,1,1),
(27, 8, 2, 'Add Host Families', 'What can be VIEWed for Season',CURRENT_TIMESTAMP,1,CURRENT_TIMESTAMP,1,1),
(28, 8, 2, 'Edit Host Families', 'What can be VIEWed for Season',CURRENT_TIMESTAMP,1,CURRENT_TIMESTAMP,1,1),
(29, 8, 2, 'Delete Host Families', 'What can be VIEWed for Season',CURRENT_TIMESTAMP,1,CURRENT_TIMESTAMP,1,1),
(30, 9, 2, 'Release Invoice to Accounting', 'What can be VIEWed for Season',CURRENT_TIMESTAMP,1,CURRENT_TIMESTAMP,1,1),
(31, 9, 2, 'Access to Invoices and Upload to Quickbooks', 'What can be VIEWed for Season',CURRENT_TIMESTAMP,1,CURRENT_TIMESTAMP,1,1),
(32, 10, 2, 'Employer Change Queue', 'What can be VIEWed for Season',CURRENT_TIMESTAMP,1,CURRENT_TIMESTAMP,1,1),
(33, 11, 2, 'SEVIS Change Queue', 'What can be VIEWed for Season',CURRENT_TIMESTAMP,1,CURRENT_TIMESTAMP,1,1),
(34, 11, 2, 'My Application Change Queue', 'What can be VIEWed for Season',CURRENT_TIMESTAMP,1,CURRENT_TIMESTAMP,1,1),
(35, 11, 2, 'Flight/Visa Info Change Queue', 'What can be VIEWed for Season',CURRENT_TIMESTAMP,1,CURRENT_TIMESTAMP,1,1),
(36, 11, 2, 'Documents Change Queue', 'What can be VIEWed for Season',CURRENT_TIMESTAMP,1,CURRENT_TIMESTAMP,1,1),
(37, 12, 2, 'Complete Employer Background Checks', 'What can be VIEWed for Season',CURRENT_TIMESTAMP,1,CURRENT_TIMESTAMP,1,1),
(38, 12, 2, 'Complete Field Staff Background Checks', 'What can be VIEWed for Season',CURRENT_TIMESTAMP,1,CURRENT_TIMESTAMP,1,1),
(39, 12, 2, 'Complete Host Family Background Checks', 'What can be VIEWed for Season',CURRENT_TIMESTAMP,1,CURRENT_TIMESTAMP,1,1);

INSERT INTO `cci_gh_go`.`ccistaffusers`(`cciStaffUserID`,`supervisorId`,`loginID`,`cciAdminGuid`,`firstName`,`lastName`,`phone`,`emergencyPhone`,`email`,`homeAddressLineOne`,`homeAddressLineTwo`,`city`,`stateID`,`zip`,`countryID`,`photo`,`sevisID`,`createdOn`,`createdBy`,`modifiedOn`,`modifiedBy`,`active`,`sequenceNo`,`stamp`)
VALUES
(1,1,1,'38F2535A-914C-40CC-BB3A-0881DA588B21','System','Admin','1231231234','911','sysadmin@cci.com','somwhere in the middle of desert','with snow fall','timbaktoo',14,'12345',233,'path/to/photo','SEVIS001',CURRENT_TIMESTAMP,1,CURRENT_TIMESTAMP,1,1,1,'dontknow'),
(2,1,2,'C1B5DEC0-D116-46FD-9B77-848C8514329B','Program','Directory','1112223333','911','prgdirector@cci.com','at the walls in winterfell','jon snow knows nothing','timbaktoo',14,'12345',233,'path/to/photo','SEVIS002',CURRENT_TIMESTAMP,1,CURRENT_TIMESTAMP,1,1,1,'dontknow'),
(3,1,3,'2C879979-98EC-4B27-9985-59DAD255B89C','Program','Manager','7899875678','911','prgmanager@cci.com','cloud nine','','timbaktoo',14,'12345',233,'path/to/photo','SEVIS003',CURRENT_TIMESTAMP,1,CURRENT_TIMESTAMP,1,1,1,'dontknow'),
(4,1,4,'E91DA181-2AB4-4E83-90DF-0623168ABD7B','Recruitment','Manager','4445556666','911','recruitmgr@cci.com','on the top of the hill','marshmallows are good','timbaktoo',14,'12345',233,'path/to/photo','SEVIS004',CURRENT_TIMESTAMP,1,CURRENT_TIMESTAMP,1,1,1,'dontknow'),
(5,1,5,'7CFA58F9-28B2-440D-B649-4919A49D50C6','Temporary','Staff','9898786767','911','tempstaff@cci.com','somwhere in the middle of desert','with snow fall','timbaktoo',14,'12345',233,'path/to/photo','SEVIS005',CURRENT_TIMESTAMP,1,CURRENT_TIMESTAMP,1,1,1,'dontknow');


INSERT INTO `cci_gh_go`.`ccistaffusers_ccistaffroles`(`cciStaffID`,`cciStaffRolesID`,`createdOn`,`createdBy`,`modifiedOn`,`modifiedBy`)
VALUES
(1,8,CURRENT_TIMESTAMP,1,CURRENT_TIMESTAMP,1),
(2,1,CURRENT_TIMESTAMP,1,CURRENT_TIMESTAMP,1),
(3,2,CURRENT_TIMESTAMP,1,CURRENT_TIMESTAMP,1),
(4,3,CURRENT_TIMESTAMP,1,CURRENT_TIMESTAMP,1),
(5,7,CURRENT_TIMESTAMP,1,CURRENT_TIMESTAMP,1);

INSERT INTO `cci_gh_go`.`ccistaffusers_departments`(`cciStaffUserId`,`departmentID`,`createdOn`,`createdBy`,`modifiedOn`,`modifiedBy`)
VALUES
(1,1,CURRENT_TIMESTAMP,1,CURRENT_TIMESTAMP,1),
(1,2,CURRENT_TIMESTAMP,1,CURRENT_TIMESTAMP,1),
(1,7,CURRENT_TIMESTAMP,1,CURRENT_TIMESTAMP,1),
(2,1,CURRENT_TIMESTAMP,1,CURRENT_TIMESTAMP,1),
(2,2,CURRENT_TIMESTAMP,1,CURRENT_TIMESTAMP,1),
(3,1,CURRENT_TIMESTAMP,1,CURRENT_TIMESTAMP,1),
(3,2,CURRENT_TIMESTAMP,1,CURRENT_TIMESTAMP,1),
(4,2,CURRENT_TIMESTAMP,1,CURRENT_TIMESTAMP,1),
(5,1,CURRENT_TIMESTAMP,1,CURRENT_TIMESTAMP,1);


INSERT INTO `cci_gh_go`.`ccistaffusers_resourcepermissions`(`cciStaffUserId`,`resourcesPermissionsId`,`createdOn`,`createdBy`,`modifiedOn`,`modifiedBy`)
VALUES
(1,1,CURRENT_TIMESTAMP,1,CURRENT_TIMESTAMP,1),
(1,2,CURRENT_TIMESTAMP,1,CURRENT_TIMESTAMP,1),
(1,3,CURRENT_TIMESTAMP,1,CURRENT_TIMESTAMP,1),
(1,4,CURRENT_TIMESTAMP,1,CURRENT_TIMESTAMP,1),
(1,5,CURRENT_TIMESTAMP,1,CURRENT_TIMESTAMP,1),
(1,6,CURRENT_TIMESTAMP,1,CURRENT_TIMESTAMP,1),
(1,7,CURRENT_TIMESTAMP,1,CURRENT_TIMESTAMP,1),
(1,8,CURRENT_TIMESTAMP,1,CURRENT_TIMESTAMP,1),
(1,9,CURRENT_TIMESTAMP,1,CURRENT_TIMESTAMP,1),
(1,10,CURRENT_TIMESTAMP,1,CURRENT_TIMESTAMP,1),
(1,11,CURRENT_TIMESTAMP,1,CURRENT_TIMESTAMP,1),
(1,12,CURRENT_TIMESTAMP,1,CURRENT_TIMESTAMP,1),
(1,13,CURRENT_TIMESTAMP,1,CURRENT_TIMESTAMP,1),
(1,14,CURRENT_TIMESTAMP,1,CURRENT_TIMESTAMP,1),
(1,15,CURRENT_TIMESTAMP,1,CURRENT_TIMESTAMP,1),
(1,16,CURRENT_TIMESTAMP,1,CURRENT_TIMESTAMP,1),
(1,17,CURRENT_TIMESTAMP,1,CURRENT_TIMESTAMP,1),
(1,18,CURRENT_TIMESTAMP,1,CURRENT_TIMESTAMP,1),
(1,19,CURRENT_TIMESTAMP,1,CURRENT_TIMESTAMP,1),
(1,20,CURRENT_TIMESTAMP,1,CURRENT_TIMESTAMP,1),
(1,21,CURRENT_TIMESTAMP,1,CURRENT_TIMESTAMP,1),
(1,22,CURRENT_TIMESTAMP,1,CURRENT_TIMESTAMP,1),
(1,23,CURRENT_TIMESTAMP,1,CURRENT_TIMESTAMP,1),
(1,24,CURRENT_TIMESTAMP,1,CURRENT_TIMESTAMP,1),
(1,25,CURRENT_TIMESTAMP,1,CURRENT_TIMESTAMP,1),
(1,26,CURRENT_TIMESTAMP,1,CURRENT_TIMESTAMP,1),
(1,27,CURRENT_TIMESTAMP,1,CURRENT_TIMESTAMP,1),
(1,28,CURRENT_TIMESTAMP,1,CURRENT_TIMESTAMP,1),
(1,29,CURRENT_TIMESTAMP,1,CURRENT_TIMESTAMP,1),
(1,30,CURRENT_TIMESTAMP,1,CURRENT_TIMESTAMP,1),
(1,31,CURRENT_TIMESTAMP,1,CURRENT_TIMESTAMP,1),
(1,32,CURRENT_TIMESTAMP,1,CURRENT_TIMESTAMP,1),
(1,33,CURRENT_TIMESTAMP,1,CURRENT_TIMESTAMP,1),
(1,34,CURRENT_TIMESTAMP,1,CURRENT_TIMESTAMP,1),
(1,35,CURRENT_TIMESTAMP,1,CURRENT_TIMESTAMP,1),
(1,36,CURRENT_TIMESTAMP,1,CURRENT_TIMESTAMP,1),
(1,37,CURRENT_TIMESTAMP,1,CURRENT_TIMESTAMP,1),
(1,38,CURRENT_TIMESTAMP,1,CURRENT_TIMESTAMP,1),
(1,39,CURRENT_TIMESTAMP,1,CURRENT_TIMESTAMP,1),
(2,1,CURRENT_TIMESTAMP,1,CURRENT_TIMESTAMP,1),
(2,2,CURRENT_TIMESTAMP,1,CURRENT_TIMESTAMP,1),
(2,3,CURRENT_TIMESTAMP,1,CURRENT_TIMESTAMP,1),
(2,8,CURRENT_TIMESTAMP,1,CURRENT_TIMESTAMP,1),
(2,9,CURRENT_TIMESTAMP,1,CURRENT_TIMESTAMP,1),
(2,10,CURRENT_TIMESTAMP,1,CURRENT_TIMESTAMP,1),
(2,11,CURRENT_TIMESTAMP,1,CURRENT_TIMESTAMP,1),
(2,12,CURRENT_TIMESTAMP,1,CURRENT_TIMESTAMP,1),
(2,13,CURRENT_TIMESTAMP,1,CURRENT_TIMESTAMP,1),
(2,14,CURRENT_TIMESTAMP,1,CURRENT_TIMESTAMP,1),
(2,15,CURRENT_TIMESTAMP,1,CURRENT_TIMESTAMP,1),
(2,16,CURRENT_TIMESTAMP,1,CURRENT_TIMESTAMP,1),
(2,17,CURRENT_TIMESTAMP,1,CURRENT_TIMESTAMP,1),
(2,18,CURRENT_TIMESTAMP,1,CURRENT_TIMESTAMP,1),
(2,19,CURRENT_TIMESTAMP,1,CURRENT_TIMESTAMP,1),
(2,20,CURRENT_TIMESTAMP,1,CURRENT_TIMESTAMP,1),
(2,21,CURRENT_TIMESTAMP,1,CURRENT_TIMESTAMP,1),
(2,23,CURRENT_TIMESTAMP,1,CURRENT_TIMESTAMP,1),
(2,24,CURRENT_TIMESTAMP,1,CURRENT_TIMESTAMP,1),
(2,25,CURRENT_TIMESTAMP,1,CURRENT_TIMESTAMP,1),
(2,26,CURRENT_TIMESTAMP,1,CURRENT_TIMESTAMP,1),
(2,27,CURRENT_TIMESTAMP,1,CURRENT_TIMESTAMP,1),
(2,28,CURRENT_TIMESTAMP,1,CURRENT_TIMESTAMP,1),
(2,33,CURRENT_TIMESTAMP,1,CURRENT_TIMESTAMP,1),
(2,34,CURRENT_TIMESTAMP,1,CURRENT_TIMESTAMP,1),
(2,35,CURRENT_TIMESTAMP,1,CURRENT_TIMESTAMP,1),
(3,1,CURRENT_TIMESTAMP,1,CURRENT_TIMESTAMP,1),
(3,2,CURRENT_TIMESTAMP,1,CURRENT_TIMESTAMP,1),
(3,3,CURRENT_TIMESTAMP,1,CURRENT_TIMESTAMP,1),
(3,8,CURRENT_TIMESTAMP,1,CURRENT_TIMESTAMP,1),
(3,9,CURRENT_TIMESTAMP,1,CURRENT_TIMESTAMP,1),
(3,10,CURRENT_TIMESTAMP,1,CURRENT_TIMESTAMP,1),
(3,11,CURRENT_TIMESTAMP,1,CURRENT_TIMESTAMP,1),
(3,14,CURRENT_TIMESTAMP,1,CURRENT_TIMESTAMP,1),
(3,15,CURRENT_TIMESTAMP,1,CURRENT_TIMESTAMP,1),
(3,18,CURRENT_TIMESTAMP,1,CURRENT_TIMESTAMP,1),
(3,19,CURRENT_TIMESTAMP,1,CURRENT_TIMESTAMP,1),
(3,20,CURRENT_TIMESTAMP,1,CURRENT_TIMESTAMP,1),
(3,21,CURRENT_TIMESTAMP,1,CURRENT_TIMESTAMP,1),
(3,23,CURRENT_TIMESTAMP,1,CURRENT_TIMESTAMP,1),
(3,24,CURRENT_TIMESTAMP,1,CURRENT_TIMESTAMP,1),
(3,26,CURRENT_TIMESTAMP,1,CURRENT_TIMESTAMP,1),
(3,27,CURRENT_TIMESTAMP,1,CURRENT_TIMESTAMP,1),
(3,37,CURRENT_TIMESTAMP,1,CURRENT_TIMESTAMP,1),
(3,38,CURRENT_TIMESTAMP,1,CURRENT_TIMESTAMP,1),
(3,39,CURRENT_TIMESTAMP,1,CURRENT_TIMESTAMP,1),
(4,1,CURRENT_TIMESTAMP,1,CURRENT_TIMESTAMP,1),
(4,2,CURRENT_TIMESTAMP,1,CURRENT_TIMESTAMP,1),
(4,3,CURRENT_TIMESTAMP,1,CURRENT_TIMESTAMP,1),
(4,8,CURRENT_TIMESTAMP,1,CURRENT_TIMESTAMP,1),
(4,9,CURRENT_TIMESTAMP,1,CURRENT_TIMESTAMP,1),
(4,10,CURRENT_TIMESTAMP,1,CURRENT_TIMESTAMP,1),
(4,11,CURRENT_TIMESTAMP,1,CURRENT_TIMESTAMP,1),
(4,14,CURRENT_TIMESTAMP,1,CURRENT_TIMESTAMP,1),
(4,15,CURRENT_TIMESTAMP,1,CURRENT_TIMESTAMP,1),
(4,18,CURRENT_TIMESTAMP,1,CURRENT_TIMESTAMP,1),
(4,19,CURRENT_TIMESTAMP,1,CURRENT_TIMESTAMP,1),
(4,20,CURRENT_TIMESTAMP,1,CURRENT_TIMESTAMP,1),
(4,21,CURRENT_TIMESTAMP,1,CURRENT_TIMESTAMP,1),
(4,23,CURRENT_TIMESTAMP,1,CURRENT_TIMESTAMP,1),
(4,24,CURRENT_TIMESTAMP,1,CURRENT_TIMESTAMP,1),
(4,26,CURRENT_TIMESTAMP,1,CURRENT_TIMESTAMP,1),
(4,27,CURRENT_TIMESTAMP,1,CURRENT_TIMESTAMP,1),
(4,37,CURRENT_TIMESTAMP,1,CURRENT_TIMESTAMP,1),
(4,38,CURRENT_TIMESTAMP,1,CURRENT_TIMESTAMP,1),
(4,39,CURRENT_TIMESTAMP,1,CURRENT_TIMESTAMP,1),
(5,1,CURRENT_TIMESTAMP,1,CURRENT_TIMESTAMP,1),
(5,2,CURRENT_TIMESTAMP,1,CURRENT_TIMESTAMP,1),
(5,8,CURRENT_TIMESTAMP,1,CURRENT_TIMESTAMP,1),
(5,10,CURRENT_TIMESTAMP,1,CURRENT_TIMESTAMP,1),
(5,15,CURRENT_TIMESTAMP,1,CURRENT_TIMESTAMP,1),
(5,18,CURRENT_TIMESTAMP,1,CURRENT_TIMESTAMP,1),
(5,23,CURRENT_TIMESTAMP,1,CURRENT_TIMESTAMP,1),
(5,26,CURRENT_TIMESTAMP,1,CURRENT_TIMESTAMP,1),
(5,27,CURRENT_TIMESTAMP,1,CURRENT_TIMESTAMP,1);


INSERT INTO `cci_gh_go`.`ccistaffroles_departments`(`id`,`cciStaffRoleId`,`departmentId`,`createdOn`,`createdBy`,`modifiedOn`,`modifiedBy`)
VALUES
(1,1,1,CURRENT_TIMESTAMP,1,CURRENT_TIMESTAMP,1),
(2,1,2,CURRENT_TIMESTAMP,1,CURRENT_TIMESTAMP,1),
(3,2,1,CURRENT_TIMESTAMP,1,CURRENT_TIMESTAMP,1),
(4,2,2,CURRENT_TIMESTAMP,1,CURRENT_TIMESTAMP,1),
(5,3,1,CURRENT_TIMESTAMP,1,CURRENT_TIMESTAMP,1),
(6,3,2,CURRENT_TIMESTAMP,1,CURRENT_TIMESTAMP,1),
(7,4,1,CURRENT_TIMESTAMP,1,CURRENT_TIMESTAMP,1),
(8,4,2,CURRENT_TIMESTAMP,1,CURRENT_TIMESTAMP,1),
(9,5,1,CURRENT_TIMESTAMP,1,CURRENT_TIMESTAMP,1),
(10,5,2,CURRENT_TIMESTAMP,1,CURRENT_TIMESTAMP,1),
(11,6,1,CURRENT_TIMESTAMP,1,CURRENT_TIMESTAMP,1),
(12,6,2,CURRENT_TIMESTAMP,1,CURRENT_TIMESTAMP,1),
(13,7,1,CURRENT_TIMESTAMP,1,CURRENT_TIMESTAMP,1),
(14,7,2,CURRENT_TIMESTAMP,1,CURRENT_TIMESTAMP,1),
(15,8,1,CURRENT_TIMESTAMP,1,CURRENT_TIMESTAMP,1),
(16,8,2,CURRENT_TIMESTAMP,1,CURRENT_TIMESTAMP,1);

INSERT INTO `cci_gh_go`.`department_resourcegroups`(`departmentId`,`resourceGroupId`)
VALUES
(1,1),
(1,2),
(1,3),
(1,4),
(1,5),
(1,6),
(1,7),
(1,8),
(1,9),
(1,10),
(1,11),
(1,12),
(2,1),
(2,2),
(2,3),
(2,4),
(2,5),
(2,6),
(2,7),
(2,8),
(2,9),
(2,10),
(2,11),
(2,12);
