SET FOREIGN_KEY_CHECKS= 0;

/*-------------------------------------------------------------------------------------------------------------------------------------------------------------
          Truncating UserManagement Module tables.
-------------------------------------------------------------------------------------------------------------------------------------------------------------*/

TRUNCATE TABLE `CCIStaffRoles`;
TRUNCATE TABLE `ResourceActions`;
TRUNCATE TABLE `DepartmentResourceGroups`;
TRUNCATE TABLE `ResourcePermissions`;
TRUNCATE TABLE `CCIStaffRolesDepartments`;
TRUNCATE TABLE `CCIStaffRolesDefaultResourcePermissions`;
TRUNCATE TABLE `CCIStaffUsersResourcePermissions`;


/*-------------------------------------------------------------------------------------------------------------------------------------------------------------
          Inserting data in CCIStaffRoles Table
-------------------------------------------------------------------------------------------------------------------------------------------------------------*/

INSERT INTO `CCIStaffRoles` (`cciStaffRoleName`,`createdOn`,`createdBy`,`modifiedOn`,`modifiedBy`)
VALUES 
('Assistant',CURRENT_TIMESTAMP,1,CURRENT_TIMESTAMP,1),
('Compliance and Operations Manager',CURRENT_TIMESTAMP,1,CURRENT_TIMESTAMP,1),
('Director',CURRENT_TIMESTAMP,1,CURRENT_TIMESTAMP,1),
('Director of Compliance and Operations',CURRENT_TIMESTAMP,1,CURRENT_TIMESTAMP,1),
('General Director of Academic and Grant Programs',CURRENT_TIMESTAMP,1,CURRENT_TIMESTAMP,1),
('Grant Program Director',CURRENT_TIMESTAMP,1,CURRENT_TIMESTAMP,1),
('Grant Program Manager',CURRENT_TIMESTAMP,1,CURRENT_TIMESTAMP,1),
('Marketing and Event Coordinator',CURRENT_TIMESTAMP,1,CURRENT_TIMESTAMP,1),
('Placement Services Director',CURRENT_TIMESTAMP,1,CURRENT_TIMESTAMP,1),
('Program Coordinator',CURRENT_TIMESTAMP,1,CURRENT_TIMESTAMP,1),
('Program Manager',CURRENT_TIMESTAMP,1,CURRENT_TIMESTAMP,1),
('Student Counselor',CURRENT_TIMESTAMP,1,CURRENT_TIMESTAMP,1),
('Technology Support Coordinator',CURRENT_TIMESTAMP,1,CURRENT_TIMESTAMP,1),
('Business Development and Operations Director',CURRENT_TIMESTAMP,1,CURRENT_TIMESTAMP,1),
('Business Development Specialist',CURRENT_TIMESTAMP,1,CURRENT_TIMESTAMP,1),
('Cultural Outreach Assistant',CURRENT_TIMESTAMP,1,CURRENT_TIMESTAMP,1),
('Cultural Outreach Manager',CURRENT_TIMESTAMP,1,CURRENT_TIMESTAMP,1),
('Database Coordinator',CURRENT_TIMESTAMP,1,CURRENT_TIMESTAMP,1),
('Career Advancement Program Director',CURRENT_TIMESTAMP,1,CURRENT_TIMESTAMP,1),
('Career Advancement Program Manager',CURRENT_TIMESTAMP,1,CURRENT_TIMESTAMP,1),
('Employer Relations Manager',CURRENT_TIMESTAMP,1,CURRENT_TIMESTAMP,1),
('Employer Services Coordinator',CURRENT_TIMESTAMP,1,CURRENT_TIMESTAMP,1),
('Employer Services Manager',CURRENT_TIMESTAMP,1,CURRENT_TIMESTAMP,1),
('Intern',CURRENT_TIMESTAMP,1,CURRENT_TIMESTAMP,1),
('Manager',CURRENT_TIMESTAMP,1,CURRENT_TIMESTAMP,1),
('Office Assistant',CURRENT_TIMESTAMP,1,CURRENT_TIMESTAMP,1),
('Operations Manager',CURRENT_TIMESTAMP,1,CURRENT_TIMESTAMP,1),
('Partner Relations Manager',CURRENT_TIMESTAMP,1,CURRENT_TIMESTAMP,1),
('Policy and Compliance Assistant',CURRENT_TIMESTAMP,1,CURRENT_TIMESTAMP,1),
('Policy and Compliance Manager',CURRENT_TIMESTAMP,1,CURRENT_TIMESTAMP,1),
('Program Assistant',CURRENT_TIMESTAMP,1,CURRENT_TIMESTAMP,1),
('Services Director',CURRENT_TIMESTAMP,1,CURRENT_TIMESTAMP,1),
('Self Placed Operations Coordinator',CURRENT_TIMESTAMP,1,CURRENT_TIMESTAMP,1),
('Vice President of International Exchange',CURRENT_TIMESTAMP,1,CURRENT_TIMESTAMP,1),
('General Projects & Personnel Director',CURRENT_TIMESTAMP,1,CURRENT_TIMESTAMP,1),
('Chief Executive Officer',CURRENT_TIMESTAMP,1,CURRENT_TIMESTAMP,1),
('IT Director',CURRENT_TIMESTAMP,1,CURRENT_TIMESTAMP,1),
('International Relations Manager',CURRENT_TIMESTAMP,1,CURRENT_TIMESTAMP,1),
('Internation Relations Assistant',CURRENT_TIMESTAMP,1,CURRENT_TIMESTAMP,1),
('Accounting Manager ',CURRENT_TIMESTAMP,1,CURRENT_TIMESTAMP,1),
('Accounting Administrative Associate',CURRENT_TIMESTAMP,1,CURRENT_TIMESTAMP,1),
('Systems Manager',CURRENT_TIMESTAMP,1,CURRENT_TIMESTAMP,1),
('HR and Special Projects Assistant',CURRENT_TIMESTAMP,1,CURRENT_TIMESTAMP,1),
('System Administrator',CURRENT_TIMESTAMP,1,CURRENT_TIMESTAMP,1);

/*-------------------------------------------------------------------------------------------------------------------------------------------------------------
          Inserting data in ResourceActions Table
-------------------------------------------------------------------------------------------------------------------------------------------------------------*/
INSERT INTO `ResourceActions` (resourceActionID,resourceAction,active,visibleToUser,createdBy,modifiedBy)
VALUES (1,'Add',1,1,1,1),
	   (2,'Approve',1,1,1,1),
	   (3,'Create',1,1,1,1),
	   (4,'Edit',1,1,1,1),
	   (5,'Modify',1,1,1,1),
	   (6,'Review',1,1,1,1),
	   (7,'View',1,1,1,1),
	   (8,'Delete',1,1,1,1);

/*-------------------------------------------------------------------------------------------------------------------------------------------------------------
          Inserting data in DepartmentResourceGroups Table
-------------------------------------------------------------------------------------------------------------------------------------------------------------*/

INSERT INTO `DepartmentResourceGroups` (`departmentResourceGroupId`, `departmentId`,`resourceGroupName`,`createdOn`,`createdBy`,`modifiedOn`,`modifiedBy`) 
VALUES 
(1,1,'Seasons',CURRENT_TIMESTAMP,1,CURRENT_TIMESTAMP,1),
(2,1,'SEVIS',CURRENT_TIMESTAMP,1,CURRENT_TIMESTAMP,1),
(3,1,'System Settings',CURRENT_TIMESTAMP,1,CURRENT_TIMESTAMP,1),
(4,1,'Partners',CURRENT_TIMESTAMP,1,CURRENT_TIMESTAMP,1),
(5,1,'Participants-J1HS',CURRENT_TIMESTAMP,1,CURRENT_TIMESTAMP,1),
(6,1,'Participants-F1HS',CURRENT_TIMESTAMP,1,CURRENT_TIMESTAMP,1),
(7,1,'Participants-STP',CURRENT_TIMESTAMP,1,CURRENT_TIMESTAMP,1),
(8,1,'Field Staff',CURRENT_TIMESTAMP,1,CURRENT_TIMESTAMP,1),
(9,1,'Host Families',CURRENT_TIMESTAMP,1,CURRENT_TIMESTAMP,1),
(10,1,'Change Q',CURRENT_TIMESTAMP,1,CURRENT_TIMESTAMP,1),
(11,1,'Schools',CURRENT_TIMESTAMP,1,CURRENT_TIMESTAMP,1),
(12,1,'Accounting',CURRENT_TIMESTAMP,1,CURRENT_TIMESTAMP,1),
(13,2,'Seasons',CURRENT_TIMESTAMP,1,CURRENT_TIMESTAMP,1),
(14,2,'Partners',CURRENT_TIMESTAMP,1,CURRENT_TIMESTAMP,1),
(15,2,'Participants - W&T',CURRENT_TIMESTAMP,1,CURRENT_TIMESTAMP,1),
(16,2,'Participants - CAP',CURRENT_TIMESTAMP,1,CURRENT_TIMESTAMP,1),
(17,2,'SEVIS',CURRENT_TIMESTAMP,1,CURRENT_TIMESTAMP,1),
(18,2,'Employers',CURRENT_TIMESTAMP,1,CURRENT_TIMESTAMP,1),
(19,2,'Accounting',CURRENT_TIMESTAMP,1,CURRENT_TIMESTAMP,1),
(20,2,'Change Queue - Employers',CURRENT_TIMESTAMP,1,CURRENT_TIMESTAMP,1),
(21,2,'Change Queue - Participants',CURRENT_TIMESTAMP,1,CURRENT_TIMESTAMP,1),
(22,2,'Background Checks',CURRENT_TIMESTAMP,1,CURRENT_TIMESTAMP,1);


/*-------------------------------------------------------------------------------------------------------------------------------------------------------------
          Inserting data in ResourcePermissions Table
-------------------------------------------------------------------------------------------------------------------------------------------------------------*/	   
INSERT INTO `ResourcePermissions` (`resourcePermissionId`, `departmentResourceGroupId`, `resourceActionID`, `resourceName`, `resourceDescription`,`createdOn`,`createdBy`,`modifiedOn`,`modifiedBy`,`active`) 
VALUES 
(1, 1, 4, 'Edit Seasons', 'Edit seasons Details',CURRENT_TIMESTAMP,1,CURRENT_TIMESTAMP,1,1),
(2, 1, 4, 'Edit Documents', 'Edit seasons Documents',CURRENT_TIMESTAMP,1,CURRENT_TIMESTAMP,1,1),
(3, 1, 4, 'Edit Terms & Contracts', 'Edit seasons Terms & Contracts',CURRENT_TIMESTAMP,1,CURRENT_TIMESTAMP,1,1),
(4, 1, 4, 'Edit Benchmarks', 'Edit seasons Benchmarks',CURRENT_TIMESTAMP,1,CURRENT_TIMESTAMP,1,1),
(5, 1, 7, 'View Seasons', 'View seasons Details',CURRENT_TIMESTAMP,1,CURRENT_TIMESTAMP,1,1),
(6, 1, 7, 'View Documents', 'View seasons Documents',CURRENT_TIMESTAMP,1,CURRENT_TIMESTAMP,1,1),
(7, 1, 7, 'View Terms & Contracts', 'View seasons Terms & Contracts',CURRENT_TIMESTAMP,1,CURRENT_TIMESTAMP,1,1),
(8, 1, 7, 'View Benchmarks', 'View seasons Benchmarks',CURRENT_TIMESTAMP,1,CURRENT_TIMESTAMP,1,1),
(9, 2, 4, 'Edit SEVIS', 'Edit SEVIS Tab',CURRENT_TIMESTAMP,1,CURRENT_TIMESTAMP,1,1),
(10, 2, 7, 'View SEVIS', 'View SEVIS tab and Functions',CURRENT_TIMESTAMP,1,CURRENT_TIMESTAMP,1,1),
(11, 3, 4, 'Edit User Settings', 'Edit User Settings',CURRENT_TIMESTAMP,1,CURRENT_TIMESTAMP,1,1),
(12, 4, 2, 'Approve Partners', 'Approve Partners',CURRENT_TIMESTAMP,1,CURRENT_TIMESTAMP,1,1),
(13, 4, 4, 'Edit Partners', 'Edit Partners',CURRENT_TIMESTAMP,1,CURRENT_TIMESTAMP,1,1),
(14, 4, 7, 'View Partner', 'View Partners',CURRENT_TIMESTAMP,1,CURRENT_TIMESTAMP,1,1),
(15, 4, 5, 'Setting the price for a group partner and the compenstaion for a group LC','Setting the price for a group partner and the compenstaion for a group LC',CURRENT_TIMESTAMP,1,CURRENT_TIMESTAMP,1,1),
(16, 5, 2, 'Approve Participants-J1HS', 'Approve Participants for J1HS Program',CURRENT_TIMESTAMP,1,CURRENT_TIMESTAMP,1,1),
(17, 5, 4, 'Edit Participants-J1HS', 'Edit Participants for J1HS Program',CURRENT_TIMESTAMP,1,CURRENT_TIMESTAMP,1,1),
(18, 5, 7, 'View Participants-J1HS', 'View Participants for J1HS Program',CURRENT_TIMESTAMP,1,CURRENT_TIMESTAMP,1,1),
(19, 6, 2, 'Approve Participants-F1HS', 'Approve Participants for F1HS Program',CURRENT_TIMESTAMP,1,CURRENT_TIMESTAMP,1,1),
(20, 6, 4, 'Edit Participants-F1HS', 'Edit Participants for F1HS Program',CURRENT_TIMESTAMP,1,CURRENT_TIMESTAMP,1,1),
(21, 6, 7, 'View Participants-F1HS', 'View Participants for F1HS Program',CURRENT_TIMESTAMP,1,CURRENT_TIMESTAMP,1,1),
(22, 7, 2, 'Approve Participants-IHP', 'Approve Participants for STP-IHP Program',CURRENT_TIMESTAMP,1,CURRENT_TIMESTAMP,1,1),
(23, 7, 4, 'Edit Participants-IHP', 'Edit Participants for STP-IHP Program',CURRENT_TIMESTAMP,1,CURRENT_TIMESTAMP,1,1),
(24, 7, 7, 'View Participants-IHP', 'View Participants for STP-IHP Program',CURRENT_TIMESTAMP,1,CURRENT_TIMESTAMP,1,1),
(25, 7, 2, 'Approve Participants-GHP', 'Approve Participants for STP-GHP Program',CURRENT_TIMESTAMP,1,CURRENT_TIMESTAMP,1,1),
(26, 7, 4, 'Edit Participants-GHP', 'Edit Participants for STP-GHP Program',CURRENT_TIMESTAMP,1,CURRENT_TIMESTAMP,1,1),
(27, 7, 7, 'View Participants-GHP', 'View Participants for STP-GHP Program',CURRENT_TIMESTAMP,1,CURRENT_TIMESTAMP,1,1),
(28, 7, 2, 'Approve Participants-SSE', 'Approve Participants for STP-SSE Program',CURRENT_TIMESTAMP,1,CURRENT_TIMESTAMP,1,1),
(29, 7, 4, 'Edit Participants-SSE', 'Edit Participants for STP-SSE Program',CURRENT_TIMESTAMP,1,CURRENT_TIMESTAMP,1,1),
(30, 7, 7, 'View Participants-SSE', 'View Participants for STP-SSE Program',CURRENT_TIMESTAMP,1,CURRENT_TIMESTAMP,1,1),
(31, 7, 3, 'Creating a group', 'Creating a group including application and modification of invoice schedule, for parnters, and payment schedule, for LCs',CURRENT_TIMESTAMP,1,CURRENT_TIMESTAMP,1,1),
(32, 7, 2, 'Deny/Approve Volunteer Placement for IHP', 'Deny/Approve Volunteer Placement for IHP',CURRENT_TIMESTAMP,1,CURRENT_TIMESTAMP,1,1),
(33, 8, 2, 'Approve Field Staff-J1HS', 'Approve Field Staff for J1HS Program',CURRENT_TIMESTAMP,1,CURRENT_TIMESTAMP,1,1),
(34, 8, 4, 'Edit Field Staff-J1HS', 'Edit Field Staff for J1HS Program',CURRENT_TIMESTAMP,1,CURRENT_TIMESTAMP,1,1),
(35, 8, 7, 'View Field Staff-J1HS', 'View Field Staff for J1HS Program',CURRENT_TIMESTAMP,1,CURRENT_TIMESTAMP,1,1),
(36, 8, 2, 'Approve Field Staff-F1HS', 'Approve Field Staff for F1HS Program',CURRENT_TIMESTAMP,1,CURRENT_TIMESTAMP,1,1),
(37, 8, 4, 'Edit Field Staff-F1HS', 'Edit Field Staff for F1HS Program',CURRENT_TIMESTAMP,1,CURRENT_TIMESTAMP,1,1),
(38, 8, 7, 'View Field Staff-F1HS', 'View Field Staff for F1HS Program',CURRENT_TIMESTAMP,1,CURRENT_TIMESTAMP,1,1),
(39, 8, 2, 'Approve Filed Staff-IHP', 'Approve Filed Staff for STP-IHP Program',CURRENT_TIMESTAMP,1,CURRENT_TIMESTAMP,1,1),
(40, 8, 4, 'Edit Filed Staff-IHP', 'Edit Filed Staff for STP-IHP Program',CURRENT_TIMESTAMP,1,CURRENT_TIMESTAMP,1,1),
(41, 8, 7, 'View Filed Staff-IHP', 'View Filed Staff for STP-IHP Program',CURRENT_TIMESTAMP,1,CURRENT_TIMESTAMP,1,1),
(42, 8, 2, 'Approve Filed Staff-GHP', 'Approve Filed Staff for STP-GHP Program',CURRENT_TIMESTAMP,1,CURRENT_TIMESTAMP,1,1),
(43, 8, 4, 'Edit Filed Staff-GHP', 'Edit Filed Staff for STP-GHP Program',CURRENT_TIMESTAMP,1,CURRENT_TIMESTAMP,1,1),
(44, 8, 7, 'View Filed Staff-GHP', 'View Filed Staff for STP-GHP Program',CURRENT_TIMESTAMP,1,CURRENT_TIMESTAMP,1,1),
(45, 8, 2, 'Approve Filed Staff-SSE', 'Approve Filed Staff for STP-SSE Program',CURRENT_TIMESTAMP,1,CURRENT_TIMESTAMP,1,1),
(46, 8, 4, 'Edit Filed Staff-SSE', 'Edit Filed Staff for STP-SSE Program',CURRENT_TIMESTAMP,1,CURRENT_TIMESTAMP,1,1),
(47, 8, 7, 'View Filed Staff-SSE', 'View Filed Staff for STP-SSE Program',CURRENT_TIMESTAMP,1,CURRENT_TIMESTAMP,1,1),
(48, 8, 4, 'Edit Filed Staff Points', 'Edit Filed Staff Points',CURRENT_TIMESTAMP,1,CURRENT_TIMESTAMP,1,1),
(49, 8, 7, 'View Filed Staff Permissions', 'View Filed Staff Permissions',CURRENT_TIMESTAMP,1,CURRENT_TIMESTAMP,1,1),
(50, 8, 4, 'Edit Contact Logs', 'Edit/Approve Filed Staff Contact Logs',CURRENT_TIMESTAMP,1,CURRENT_TIMESTAMP,1,1),
(51, 8, 4, 'Edit Evaluations', 'Edit Filed Staff Evaluations',CURRENT_TIMESTAMP,1,CURRENT_TIMESTAMP,1,1),
(52, 8, 4, 'Edit Monitoring Documents', 'Edit Filed Staff Monitoring Documents',CURRENT_TIMESTAMP,1,CURRENT_TIMESTAMP,1,1),
(53, 8, 2, 'Complete Field Staff Background Checks', 'Complete Field Staff Background Checks',CURRENT_TIMESTAMP,1,CURRENT_TIMESTAMP,1,1),
(54, 8, 4, 'Edit Filed Staff Permissions', 'Edit Filed Staff Permissions',CURRENT_TIMESTAMP,1,CURRENT_TIMESTAMP,1,1),
(55, 9, 2, 'Approve Host Families-J1HS', 'Approve Host Families for J1HS Program',CURRENT_TIMESTAMP,1,CURRENT_TIMESTAMP,1,1),
(56, 9, 4, 'Edit Host Families-J1HS', 'Edit Host Families for J1HS Program',CURRENT_TIMESTAMP,1,CURRENT_TIMESTAMP,1,1),
(57, 9, 7, 'View Host Families-J1HS', 'View Host Families for J1HS Program',CURRENT_TIMESTAMP,1,CURRENT_TIMESTAMP,1,1),
(58, 9, 2, 'Approve Host Families-F1HS', 'Approve Host Families for F1HS Program',CURRENT_TIMESTAMP,1,CURRENT_TIMESTAMP,1,1),
(59, 9, 4, 'Edit Host Families-F1HS', 'Edit Host Families for F1HS Program',CURRENT_TIMESTAMP,1,CURRENT_TIMESTAMP,1,1),
(60, 9, 7, 'View Host Families-F1HS', 'View Host Families for F1HS Program',CURRENT_TIMESTAMP,1,CURRENT_TIMESTAMP,1,1),
(61, 9, 2, 'Approve Host Families-IHP', 'Approve Host Families for STP-IHP Program',CURRENT_TIMESTAMP,1,CURRENT_TIMESTAMP,1,1),
(62, 9, 4, 'Edit Host Families-IHP', 'Edit Host Families for STP-IHP Program',CURRENT_TIMESTAMP,1,CURRENT_TIMESTAMP,1,1),
(63, 9, 7, 'View Host Families-IHP', 'View Host Families for STP-IHP Program',CURRENT_TIMESTAMP,1,CURRENT_TIMESTAMP,1,1),
(64, 9, 2, 'Approve Host Families-GHP', 'Approve Host Families for STP-GHP Program',CURRENT_TIMESTAMP,1,CURRENT_TIMESTAMP,1,1),
(65, 9, 4, 'Edit Host Families-GHP', 'Edit Host Families for STP-GHP Program',CURRENT_TIMESTAMP,1,CURRENT_TIMESTAMP,1,1),
(66, 9, 7, 'View Host Families-GHP', 'View Host Families for STP-GHP Program',CURRENT_TIMESTAMP,1,CURRENT_TIMESTAMP,1,1),
(67, 9, 2, 'Approve Host Families-SSE', 'Approve Host Families for STP-SSE Program',CURRENT_TIMESTAMP,1,CURRENT_TIMESTAMP,1,1),
(68, 9, 4, 'Edit Host Families-SSE', 'Edit Host Families for STP-SSE Program',CURRENT_TIMESTAMP,1,CURRENT_TIMESTAMP,1,1),
(69, 9, 7, 'View Host Families-SSE', 'View Host Families for STP-SSE Program',CURRENT_TIMESTAMP,1,CURRENT_TIMESTAMP,1,1),
(70, 12, 7, 'View W9 forms for Accounting', 'View W9 forms for Accounting',CURRENT_TIMESTAMP,1,CURRENT_TIMESTAMP,1,1),
(71, 12, 4, 'Edit Point Line Items', 'Edit Point Line Items',CURRENT_TIMESTAMP,1,CURRENT_TIMESTAMP,1,1),
(72, 12, 1, 'Add Points', 'Add Points',CURRENT_TIMESTAMP,1,CURRENT_TIMESTAMP,1,1),
(73, 12, 4, 'Edit Fee Schedule', 'Edit Fee Schedule',CURRENT_TIMESTAMP,1,CURRENT_TIMESTAMP,1,1),
(74, 12, 5, 'Override Accounting Line Items', 'Override Accounting Line Items',CURRENT_TIMESTAMP,1,CURRENT_TIMESTAMP,1,1),
(75, 12, 2, 'Approve Invoice for Release to Accounting', 'Approve Invoice for Release to Accounting',CURRENT_TIMESTAMP,1,CURRENT_TIMESTAMP,1,1),
(76, 12, 3, 'Create Tuition Invoicing', 'Create Tuition Invoicing',CURRENT_TIMESTAMP,1,CURRENT_TIMESTAMP,1,1),
(77, 12, 5, 'Override Points', 'Override Points',CURRENT_TIMESTAMP,1,CURRENT_TIMESTAMP,1,1),
(78, 12, 5, 'Modifying Partners Invoices', 'Modifying Partners Invoices',CURRENT_TIMESTAMP,1,CURRENT_TIMESTAMP,1,1),
(79, 12, 5, 'Modifying group and IHP LC payments', 'Modifying group and IHP LC payments',CURRENT_TIMESTAMP,1,CURRENT_TIMESTAMP,1,1),
(80, 12, 5, 'Modifying Prices in General for Programs', 'Setting and modifying prices in genereal for programs in situation where prices are viewable to partner',CURRENT_TIMESTAMP,1,CURRENT_TIMESTAMP,1,1),
(81, 10, 6, 'Review School Change Queue', 'Review School Change Queue',CURRENT_TIMESTAMP,1,CURRENT_TIMESTAMP,1,1),
(82, 10, 6, 'Review participant Change Queue', 'Review participant Change Queue',CURRENT_TIMESTAMP,1,CURRENT_TIMESTAMP,1,1),
(83, 11, 4, 'Edit School Records', 'Edit School Records',CURRENT_TIMESTAMP,1,CURRENT_TIMESTAMP,1,1),
(84, 11, 4, 'Edit F1 School Records', 'Edit School Records for F1HS Program',CURRENT_TIMESTAMP,1,CURRENT_TIMESTAMP,1,1),
(85, 11, 4, 'Edit J1 School Records', 'Edit School Records for J1HS Program',CURRENT_TIMESTAMP,1,CURRENT_TIMESTAMP,1,1),
(86, 11, 4, 'Edit IHP School Records', 'Edit School Records for STP-IHP Program',CURRENT_TIMESTAMP,1,CURRENT_TIMESTAMP,1,1),
(87, 11, 4, 'Edit GHP School Records', 'Edit School Records for STP-GHP Program',CURRENT_TIMESTAMP,1,CURRENT_TIMESTAMP,1,1),
(88, 11, 4, 'Edit SSE School Records', 'Edit School Records for STP-SSE Program',CURRENT_TIMESTAMP,1,CURRENT_TIMESTAMP,1,1),
(89, 11, 3, 'Create F1 School', 'Create School for F1HS Program',CURRENT_TIMESTAMP,1,CURRENT_TIMESTAMP,1,1),
(90, 11, 4, 'Edit F1 School Pricing', 'Edit School Pricing for F1HS Program',CURRENT_TIMESTAMP,1,CURRENT_TIMESTAMP,1,1),
(91, 11, 6, 'Initial School Review', 'Initial School Review',CURRENT_TIMESTAMP,1,CURRENT_TIMESTAMP,1,1),
(92, 11, 5, 'Propose School to another School, or partner, for School to School match', 'Propose School to another School, or partner, for School to School match',CURRENT_TIMESTAMP,1,CURRENT_TIMESTAMP,1,1),
(93,1,4,'Edit Announcements','Edit Seasons Announcements',CURRENT_TIMESTAMP,1,CURRENT_TIMESTAMP,1,1),
(94,4,7,'View Partner Season Details','View Partner Season Details',CURRENT_TIMESTAMP,1,CURRENT_TIMESTAMP,1,1),
(95,4,4,'Edit Partner Season Details','Edit Partner Season Details',CURRENT_TIMESTAMP,1,CURRENT_TIMESTAMP,1,1),
(96,4,5,'Change Status of Partners','Change Status of Partners',CURRENT_TIMESTAMP,1,CURRENT_TIMESTAMP,1,1),
(97,4,8,'Delete Partners','Delete Partners',CURRENT_TIMESTAMP,1,CURRENT_TIMESTAMP,1,1),
(98,4,6,'Receive Notification of Partner Changes','Receive Notification of Partner Changes',CURRENT_TIMESTAMP,1,CURRENT_TIMESTAMP,1,1),
(99,5,2,'Termination Manager Approval-J1','Termination Manager Approval For J1',CURRENT_TIMESTAMP,1,CURRENT_TIMESTAMP,1,1),
(100,6,2,'Termination Manager Approval-F1','Termination Manager Approval For F1',CURRENT_TIMESTAMP,1,CURRENT_TIMESTAMP,1,1),
(101,7,2,'Termination Manager Approval-IHP','Termination Manager Approval For IHP',CURRENT_TIMESTAMP,1,CURRENT_TIMESTAMP,1,1),
(102,7,2,'Termination Manager Approval-GHP','Termination Manager Approval For GHP',CURRENT_TIMESTAMP,1,CURRENT_TIMESTAMP,1,1),
(103,7,2,'Termination Manager Approval-SSE','Termination Manager Approval For SSE',CURRENT_TIMESTAMP,1,CURRENT_TIMESTAMP,1,1),
(104,12,4,'Access to Invoices and Upload to Quickbooks','Access to Invoices and Upload to Quickbooks',CURRENT_TIMESTAMP,1,CURRENT_TIMESTAMP,1,1),
(105,9,2,'Complete Host Family Background Checks','Complete Host Family Background Checks',CURRENT_TIMESTAMP,1,CURRENT_TIMESTAMP,1,1),
(106,4,4,'Edit Partner name / Quickbooks Code','Edit Partner name / Quickbooks Code',CURRENT_TIMESTAMP,1,CURRENT_TIMESTAMP,1,1),
(107,5,7,'View Probation/Repatriation-J1HS','View Probation/Repatriation for Participants-J1HS',CURRENT_TIMESTAMP,1,CURRENT_TIMESTAMP,1,1),
(108,6,7,'View Probation/Repatriation-F1HS','View Probation/Repatriation for Participants-F1HS',CURRENT_TIMESTAMP,1,CURRENT_TIMESTAMP,1,1),
(109,7,7,'View Probation/Repatriation-IHP','View Probation/Repatriation for Participants-IHP',CURRENT_TIMESTAMP,1,CURRENT_TIMESTAMP,1,1),
(110,7,7,'View Probation/Repatriation-GHP','View Probation/Repatriation for Participants-GHP',CURRENT_TIMESTAMP,1,CURRENT_TIMESTAMP,1,1),
(111,7,7,'View Probation/Repatriation-SSE','View Probation/Repatriation for Participants-SSE',CURRENT_TIMESTAMP,1,CURRENT_TIMESTAMP,1,1),
(112,5,4,'Edit Probation/Repatriation-J1HS','Edit Probation/Repatriation for Participants-J1HS',CURRENT_TIMESTAMP,1,CURRENT_TIMESTAMP,1,1),
(113,6,4,'Edit Probation/Repatriation-F1HS','Edit Probation/Repatriation for Participants-F1HS',CURRENT_TIMESTAMP,1,CURRENT_TIMESTAMP,1,1),
(114,7,4,'Edit Probation/Repatriation-IHP','Edit Probation/Repatriation for Participants-IHP',CURRENT_TIMESTAMP,1,CURRENT_TIMESTAMP,1,1),
(115,7,4,'Edit Probation/Repatriation-GHP','Edit Probation/Repatriation for Participants-GHP',CURRENT_TIMESTAMP,1,CURRENT_TIMESTAMP,1,1),
(116,7,4,'Edit Probation/Repatriation-SSE','Edit Probation/Repatriation for Participants-SSE',CURRENT_TIMESTAMP,1,CURRENT_TIMESTAMP,1,1),
(117,8,2,'Complete Field Staff References','Complete Field Staff References',CURRENT_TIMESTAMP,1,CURRENT_TIMESTAMP,1,1),
(118,13,7,'View Seasons','View seasons Details',CURRENT_TIMESTAMP,1,CURRENT_TIMESTAMP,1,1),
(119,13,4,'Edit Seasons','Edit seasons Details',CURRENT_TIMESTAMP,1,CURRENT_TIMESTAMP,1,1),
(120,13,4,'Edit Announcements','Edit seasons Announcements',CURRENT_TIMESTAMP,1,CURRENT_TIMESTAMP,1,1),
(121,13,4,'Edit Contract Terms','Edit seasons Contract Terms',CURRENT_TIMESTAMP,1,CURRENT_TIMESTAMP,1,1),
(122,14,7,'View Partners','View Partners',CURRENT_TIMESTAMP,1,CURRENT_TIMESTAMP,1,1),
(123,14,4,'Edit Partners','Edit Partners',CURRENT_TIMESTAMP,1,CURRENT_TIMESTAMP,1,1),
(124,14,7,'View Partner Seasons Details','View Partner Seasons Details',CURRENT_TIMESTAMP,1,CURRENT_TIMESTAMP,1,1),
(125,14,4,'Edit Partner Seasons Details','Edit Partner Seasons Details',CURRENT_TIMESTAMP,1,CURRENT_TIMESTAMP,1,1),
(126,14,5,'Change Status of Partners','Change Status of Partners',CURRENT_TIMESTAMP,1,CURRENT_TIMESTAMP,1,1),
(127,14,8,'Delete Partners','Delete Partners',CURRENT_TIMESTAMP,1,CURRENT_TIMESTAMP,1,1),
(128,14,4,'Edit Partner name / Quickbooks Code','Edit Partner name / Quickbooks Code',CURRENT_TIMESTAMP,1,CURRENT_TIMESTAMP,1,1),
(129,14,6,'Receive Notification of Partner Changes','Receive Notification of Partner Changes',CURRENT_TIMESTAMP,1,CURRENT_TIMESTAMP,1,1),
(130,15,7,'View Participants - W&T','View Participants for W&T Program',CURRENT_TIMESTAMP,1,CURRENT_TIMESTAMP,1,1),
(131,15,4,'Edit Participants - W&T','Edit Participants for W&T Program',CURRENT_TIMESTAMP,1,CURRENT_TIMESTAMP,1,1),
(132,15,7,'View Probation/Repatriation - W&T','View Probation/Repatriation for W&T Participants',CURRENT_TIMESTAMP,1,CURRENT_TIMESTAMP,1,1),
(133,15,4,'Edit Probation/Repatriation - W&T','Edit Probation/Repatriation for W&T Participants',CURRENT_TIMESTAMP,1,CURRENT_TIMESTAMP,1,1),
(134,15,2,'Termination Manager Approval - W&T','Termination Manager Approval for W&T',CURRENT_TIMESTAMP,1,CURRENT_TIMESTAMP,1,1),
(135,16,7,'View Participants - CAP','View Participants for CAP Program',CURRENT_TIMESTAMP,1,CURRENT_TIMESTAMP,1,1),
(136,16,4,'Edit Participants - CAP','Edit Participants for CAP Program',CURRENT_TIMESTAMP,1,CURRENT_TIMESTAMP,1,1),
(137,16,7,'View Probation/Repatriation - CAP','View Probation/Repatriation for CAP Participants',CURRENT_TIMESTAMP,1,CURRENT_TIMESTAMP,1,1),
(138,16,4,'Edit Probation/Repatriation - CAP','Edit Probation/Repatriation for CAP Participants',CURRENT_TIMESTAMP,1,CURRENT_TIMESTAMP,1,1),
(139,16,2,'Termination Manager Approval - CAP','Termination Manager Approval for CAP',CURRENT_TIMESTAMP,1,CURRENT_TIMESTAMP,1,1),
(140,17,7,'View SEVIS','View SEVIS Tab',CURRENT_TIMESTAMP,1,CURRENT_TIMESTAMP,1,1),
(141,17,4,'Edit SEVIS','Edit SEVIS Tab and Functions',CURRENT_TIMESTAMP,1,CURRENT_TIMESTAMP,1,1),
(142,18,2,'Approve Employer','Approve Employer',CURRENT_TIMESTAMP,1,CURRENT_TIMESTAMP,1,1),
(143,18,6,'Receive Pre-Approval Notifications','Receive Pre-Approval Notifications',CURRENT_TIMESTAMP,1,CURRENT_TIMESTAMP,1,1),
(144,19,2,'Release Invoice to Accounting','Release Invoice to Accounting',CURRENT_TIMESTAMP,1,CURRENT_TIMESTAMP,1,1),
(145,19,4,'Access to Invoices and Upload to Quickbooks','Access to Invoices and Upload to Quickbooks',CURRENT_TIMESTAMP,1,CURRENT_TIMESTAMP,1,1),
(146,20,6,'Employer Change Queue','Employer Change Queue',CURRENT_TIMESTAMP,1,CURRENT_TIMESTAMP,1,1),
(147,21,6,'SEVIS Change Queue','SEVIS Change Queue',CURRENT_TIMESTAMP,1,CURRENT_TIMESTAMP,1,1),
(148,21,6,'My Application Change Queue','My Application Change Queue',CURRENT_TIMESTAMP,1,CURRENT_TIMESTAMP,1,1),
(149,21,6,'Flight/Visa Info Change Queue','Flight/Visa Info Change Queue',CURRENT_TIMESTAMP,1,CURRENT_TIMESTAMP,1,1),
(150,21,6,'Documents Change Queue','Documents Change Queue',CURRENT_TIMESTAMP,1,CURRENT_TIMESTAMP,1,1),
(151,22,2,'Complete Employer Background Checks','Complete Employer Background Checks',CURRENT_TIMESTAMP,1,CURRENT_TIMESTAMP,1,1);

/*-------------------------------------------------------------------------------------------------------------------------------------------------------------
          Inserting data in CCIStaffRolesDepartments Table
-------------------------------------------------------------------------------------------------------------------------------------------------------------*/	 

INSERT INTO `CCIStaffRolesDepartments` (`cciStaffRoleId`,`departmentId`,`createdOn`,`createdBy`,`modifiedOn`,`modifiedBy`)
VALUES  (1,1,CURRENT_TIMESTAMP,1,CURRENT_TIMESTAMP,1),
        (2,1,CURRENT_TIMESTAMP,1,CURRENT_TIMESTAMP,1),
        (3,1,CURRENT_TIMESTAMP,1,CURRENT_TIMESTAMP,1),
        (4,1,CURRENT_TIMESTAMP,1,CURRENT_TIMESTAMP,1),
        (5,1,CURRENT_TIMESTAMP,1,CURRENT_TIMESTAMP,1),
        (6,1,CURRENT_TIMESTAMP,1,CURRENT_TIMESTAMP,1),
        (7,1,CURRENT_TIMESTAMP,1,CURRENT_TIMESTAMP,1),
        (8,1,CURRENT_TIMESTAMP,1,CURRENT_TIMESTAMP,1),
        (9,1,CURRENT_TIMESTAMP,1,CURRENT_TIMESTAMP,1),
        (10,1,CURRENT_TIMESTAMP,1,CURRENT_TIMESTAMP,1),
        (10,2,CURRENT_TIMESTAMP,1,CURRENT_TIMESTAMP,1),
        (11,1,CURRENT_TIMESTAMP,1,CURRENT_TIMESTAMP,1),
        (12,1,CURRENT_TIMESTAMP,1,CURRENT_TIMESTAMP,1),
        (13,1,CURRENT_TIMESTAMP,1,CURRENT_TIMESTAMP,1),
        (14,2,CURRENT_TIMESTAMP,1,CURRENT_TIMESTAMP,1),
        (15,2,CURRENT_TIMESTAMP,1,CURRENT_TIMESTAMP,1),
        (16,2,CURRENT_TIMESTAMP,1,CURRENT_TIMESTAMP,1),
        (17,2,CURRENT_TIMESTAMP,1,CURRENT_TIMESTAMP,1),
        (18,2,CURRENT_TIMESTAMP,1,CURRENT_TIMESTAMP,1),
        (19,2,CURRENT_TIMESTAMP,1,CURRENT_TIMESTAMP,1),
        (20,2,CURRENT_TIMESTAMP,1,CURRENT_TIMESTAMP,1),
        (21,2,CURRENT_TIMESTAMP,1,CURRENT_TIMESTAMP,1),
        (22,2,CURRENT_TIMESTAMP,1,CURRENT_TIMESTAMP,1),
        (23,2,CURRENT_TIMESTAMP,1,CURRENT_TIMESTAMP,1),
        (24,2,CURRENT_TIMESTAMP,1,CURRENT_TIMESTAMP,1),
        (25,2,CURRENT_TIMESTAMP,1,CURRENT_TIMESTAMP,1),
        (26,2,CURRENT_TIMESTAMP,1,CURRENT_TIMESTAMP,1),
        (27,2,CURRENT_TIMESTAMP,1,CURRENT_TIMESTAMP,1),
        (28,2,CURRENT_TIMESTAMP,1,CURRENT_TIMESTAMP,1),
        (29,2,CURRENT_TIMESTAMP,1,CURRENT_TIMESTAMP,1),
        (30,2,CURRENT_TIMESTAMP,1,CURRENT_TIMESTAMP,1),
        (31,2,CURRENT_TIMESTAMP,1,CURRENT_TIMESTAMP,1),
        (32,2,CURRENT_TIMESTAMP,1,CURRENT_TIMESTAMP,1),
        (33,2,CURRENT_TIMESTAMP,1,CURRENT_TIMESTAMP,1),
        (34,2,CURRENT_TIMESTAMP,1,CURRENT_TIMESTAMP,1),
        (35,3,CURRENT_TIMESTAMP,1,CURRENT_TIMESTAMP,1),
        (36,3,CURRENT_TIMESTAMP,1,CURRENT_TIMESTAMP,1),
        (37,3,CURRENT_TIMESTAMP,1,CURRENT_TIMESTAMP,1),
        (38,3,CURRENT_TIMESTAMP,1,CURRENT_TIMESTAMP,1),
        (39,3,CURRENT_TIMESTAMP,1,CURRENT_TIMESTAMP,1),
        (40,3,CURRENT_TIMESTAMP,1,CURRENT_TIMESTAMP,1),
        (41,3,CURRENT_TIMESTAMP,1,CURRENT_TIMESTAMP,1),
        (42,3,CURRENT_TIMESTAMP,1,CURRENT_TIMESTAMP,1),
        (43,3,CURRENT_TIMESTAMP,1,CURRENT_TIMESTAMP,1),
        (44,1,CURRENT_TIMESTAMP,1,CURRENT_TIMESTAMP,1),
        (44,2,CURRENT_TIMESTAMP,1,CURRENT_TIMESTAMP,1),
        (44,3,CURRENT_TIMESTAMP,1,CURRENT_TIMESTAMP,1);	
		
/*-------------------------------------------------------------------------------------------------------------------------------------------------------------
          Inserting data in CCIStaffRolesDefaultResourcePermissions Table
-------------------------------------------------------------------------------------------------------------------------------------------------------------*/	 		
		
INSERT  INTO `CCIStaffRolesDefaultResourcePermissions`(`cciStaffRolesDepartmentId`,`departmentResourceGroupId`,`resourcePermissionId`,`resourceActionId`,`createdOn`,`createdBy`,`modifiedOn`,`modifiedBy`) 
VALUES 
(1,1,1,4,CURRENT_TIMESTAMP,1,CURRENT_TIMESTAMP,1),
(1,1,3,4,CURRENT_TIMESTAMP,1,CURRENT_TIMESTAMP,1),
(2,1,1,4,CURRENT_TIMESTAMP,1,CURRENT_TIMESTAMP,1),
(2,1,3,4,CURRENT_TIMESTAMP,1,CURRENT_TIMESTAMP,1),
(3,1,1,4,CURRENT_TIMESTAMP,1,CURRENT_TIMESTAMP,1),
(3,1,2,4,CURRENT_TIMESTAMP,1,CURRENT_TIMESTAMP,1),
(3,1,3,4,CURRENT_TIMESTAMP,1,CURRENT_TIMESTAMP,1),
(3,1,4,4,CURRENT_TIMESTAMP,1,CURRENT_TIMESTAMP,1),
(3,1,5,7,CURRENT_TIMESTAMP,1,CURRENT_TIMESTAMP,1),
(3,1,6,7,CURRENT_TIMESTAMP,1,CURRENT_TIMESTAMP,1),
(3,1,7,7,CURRENT_TIMESTAMP,1,CURRENT_TIMESTAMP,1),
(3,1,8,7,CURRENT_TIMESTAMP,1,CURRENT_TIMESTAMP,1),
(4,1,2,4,CURRENT_TIMESTAMP,1,CURRENT_TIMESTAMP,1),
(4,1,6,7,CURRENT_TIMESTAMP,1,CURRENT_TIMESTAMP,1),
(5,1,1,4,CURRENT_TIMESTAMP,1,CURRENT_TIMESTAMP,1),
(5,1,2,4,CURRENT_TIMESTAMP,1,CURRENT_TIMESTAMP,1),
(5,1,6,7,CURRENT_TIMESTAMP,1,CURRENT_TIMESTAMP,1),
(12,1,1,4,CURRENT_TIMESTAMP,1,CURRENT_TIMESTAMP,1),
(12,1,2,4,CURRENT_TIMESTAMP,1,CURRENT_TIMESTAMP,1),
(12,1,3,4,CURRENT_TIMESTAMP,1,CURRENT_TIMESTAMP,1),
(12,1,8,7,CURRENT_TIMESTAMP,1,CURRENT_TIMESTAMP,1),
(12,2,9,4,CURRENT_TIMESTAMP,1,CURRENT_TIMESTAMP,1),
(12,2,10,7,CURRENT_TIMESTAMP,1,CURRENT_TIMESTAMP,1),
(12,3,11,4,CURRENT_TIMESTAMP,1,CURRENT_TIMESTAMP,1),
(12,4,12,2,CURRENT_TIMESTAMP,1,CURRENT_TIMESTAMP,1),
(25,13,93,4,CURRENT_TIMESTAMP,1,CURRENT_TIMESTAMP,1),
(25,13,94,4,CURRENT_TIMESTAMP,1,CURRENT_TIMESTAMP,1),
(31,14,101,4,CURRENT_TIMESTAMP,1,CURRENT_TIMESTAMP,1),
(31,14,102,7,CURRENT_TIMESTAMP,1,CURRENT_TIMESTAMP,1),
(32,14,103,2,CURRENT_TIMESTAMP,1,CURRENT_TIMESTAMP,1),
(32,15,104,4,CURRENT_TIMESTAMP,1,CURRENT_TIMESTAMP,1),
(45,1,1,4,CURRENT_TIMESTAMP,1,CURRENT_TIMESTAMP,1),
(45,1,2,4,CURRENT_TIMESTAMP,1,CURRENT_TIMESTAMP,1),
(45,1,3,4,CURRENT_TIMESTAMP,1,CURRENT_TIMESTAMP,1),
(45,1,4,4,CURRENT_TIMESTAMP,1,CURRENT_TIMESTAMP,1),
(45,1,5,7,CURRENT_TIMESTAMP,1,CURRENT_TIMESTAMP,1),
(45,1,6,7,CURRENT_TIMESTAMP,1,CURRENT_TIMESTAMP,1),
(45,1,7,7,CURRENT_TIMESTAMP,1,CURRENT_TIMESTAMP,1),
(45,1,8,7,CURRENT_TIMESTAMP,1,CURRENT_TIMESTAMP,1),
(45,2,9,4,CURRENT_TIMESTAMP,1,CURRENT_TIMESTAMP,1),
(45,2,10,7,CURRENT_TIMESTAMP,1,CURRENT_TIMESTAMP,1),
(45,3,11,4,CURRENT_TIMESTAMP,1,CURRENT_TIMESTAMP,1),
(45,4,12,2,CURRENT_TIMESTAMP,1,CURRENT_TIMESTAMP,1),
(45,4,13,4,CURRENT_TIMESTAMP,1,CURRENT_TIMESTAMP,1),
(45,4,14,7,CURRENT_TIMESTAMP,1,CURRENT_TIMESTAMP,1),
(45,4,15,5,CURRENT_TIMESTAMP,1,CURRENT_TIMESTAMP,1),
(45,5,16,2,CURRENT_TIMESTAMP,1,CURRENT_TIMESTAMP,1),
(45,5,17,4,CURRENT_TIMESTAMP,1,CURRENT_TIMESTAMP,1),
(45,5,18,7,CURRENT_TIMESTAMP,1,CURRENT_TIMESTAMP,1),
(45,6,19,2,CURRENT_TIMESTAMP,1,CURRENT_TIMESTAMP,1),
(45,6,20,4,CURRENT_TIMESTAMP,1,CURRENT_TIMESTAMP,1),
(45,6,21,7,CURRENT_TIMESTAMP,1,CURRENT_TIMESTAMP,1),
(45,7,22,2,CURRENT_TIMESTAMP,1,CURRENT_TIMESTAMP,1),
(45,7,23,4,CURRENT_TIMESTAMP,1,CURRENT_TIMESTAMP,1),
(45,7,24,7,CURRENT_TIMESTAMP,1,CURRENT_TIMESTAMP,1),
(45,7,25,2,CURRENT_TIMESTAMP,1,CURRENT_TIMESTAMP,1),
(45,7,26,4,CURRENT_TIMESTAMP,1,CURRENT_TIMESTAMP,1),
(45,7,27,7,CURRENT_TIMESTAMP,1,CURRENT_TIMESTAMP,1),
(45,7,28,2,CURRENT_TIMESTAMP,1,CURRENT_TIMESTAMP,1),
(45,7,29,4,CURRENT_TIMESTAMP,1,CURRENT_TIMESTAMP,1),
(45,7,30,7,CURRENT_TIMESTAMP,1,CURRENT_TIMESTAMP,1),
(45,7,31,3,CURRENT_TIMESTAMP,1,CURRENT_TIMESTAMP,1),
(45,7,32,2,CURRENT_TIMESTAMP,1,CURRENT_TIMESTAMP,1),
(45,8,33,2,CURRENT_TIMESTAMP,1,CURRENT_TIMESTAMP,1),
(45,8,34,4,CURRENT_TIMESTAMP,1,CURRENT_TIMESTAMP,1),
(45,8,35,7,CURRENT_TIMESTAMP,1,CURRENT_TIMESTAMP,1),
(45,8,36,2,CURRENT_TIMESTAMP,1,CURRENT_TIMESTAMP,1),
(45,8,37,4,CURRENT_TIMESTAMP,1,CURRENT_TIMESTAMP,1),
(45,8,38,7,CURRENT_TIMESTAMP,1,CURRENT_TIMESTAMP,1),
(45,8,39,2,CURRENT_TIMESTAMP,1,CURRENT_TIMESTAMP,1),
(45,8,40,4,CURRENT_TIMESTAMP,1,CURRENT_TIMESTAMP,1),
(45,8,41,7,CURRENT_TIMESTAMP,1,CURRENT_TIMESTAMP,1),
(45,8,42,2,CURRENT_TIMESTAMP,1,CURRENT_TIMESTAMP,1),
(45,8,43,4,CURRENT_TIMESTAMP,1,CURRENT_TIMESTAMP,1),
(45,8,44,7,CURRENT_TIMESTAMP,1,CURRENT_TIMESTAMP,1),
(45,8,45,2,CURRENT_TIMESTAMP,1,CURRENT_TIMESTAMP,1),
(45,8,46,4,CURRENT_TIMESTAMP,1,CURRENT_TIMESTAMP,1),
(45,8,47,7,CURRENT_TIMESTAMP,1,CURRENT_TIMESTAMP,1),
(45,8,48,4,CURRENT_TIMESTAMP,1,CURRENT_TIMESTAMP,1),
(45,8,49,7,CURRENT_TIMESTAMP,1,CURRENT_TIMESTAMP,1),
(45,8,50,4,CURRENT_TIMESTAMP,1,CURRENT_TIMESTAMP,1),
(45,8,51,4,CURRENT_TIMESTAMP,1,CURRENT_TIMESTAMP,1),
(45,8,52,4,CURRENT_TIMESTAMP,1,CURRENT_TIMESTAMP,1),
(45,8,53,2,CURRENT_TIMESTAMP,1,CURRENT_TIMESTAMP,1),
(45,8,54,4,CURRENT_TIMESTAMP,1,CURRENT_TIMESTAMP,1),
(45,9,55,2,CURRENT_TIMESTAMP,1,CURRENT_TIMESTAMP,1),
(45,9,56,4,CURRENT_TIMESTAMP,1,CURRENT_TIMESTAMP,1),
(45,9,57,7,CURRENT_TIMESTAMP,1,CURRENT_TIMESTAMP,1),
(45,9,58,2,CURRENT_TIMESTAMP,1,CURRENT_TIMESTAMP,1),
(45,9,59,4,CURRENT_TIMESTAMP,1,CURRENT_TIMESTAMP,1),
(45,9,60,7,CURRENT_TIMESTAMP,1,CURRENT_TIMESTAMP,1),
(45,9,61,2,CURRENT_TIMESTAMP,1,CURRENT_TIMESTAMP,1),
(45,9,62,4,CURRENT_TIMESTAMP,1,CURRENT_TIMESTAMP,1),
(45,9,63,7,CURRENT_TIMESTAMP,1,CURRENT_TIMESTAMP,1),
(45,9,64,2,CURRENT_TIMESTAMP,1,CURRENT_TIMESTAMP,1),
(45,9,65,4,CURRENT_TIMESTAMP,1,CURRENT_TIMESTAMP,1),
(45,9,66,7,CURRENT_TIMESTAMP,1,CURRENT_TIMESTAMP,1),
(45,9,67,2,CURRENT_TIMESTAMP,1,CURRENT_TIMESTAMP,1),
(45,9,68,4,CURRENT_TIMESTAMP,1,CURRENT_TIMESTAMP,1),
(45,9,69,7,CURRENT_TIMESTAMP,1,CURRENT_TIMESTAMP,1),
(45,12,70,7,CURRENT_TIMESTAMP,1,CURRENT_TIMESTAMP,1),
(45,12,71,4,CURRENT_TIMESTAMP,1,CURRENT_TIMESTAMP,1),
(45,12,72,1,CURRENT_TIMESTAMP,1,CURRENT_TIMESTAMP,1),
(45,12,73,4,CURRENT_TIMESTAMP,1,CURRENT_TIMESTAMP,1),
(45,12,74,5,CURRENT_TIMESTAMP,1,CURRENT_TIMESTAMP,1),
(45,12,75,2,CURRENT_TIMESTAMP,1,CURRENT_TIMESTAMP,1),
(45,12,76,3,CURRENT_TIMESTAMP,1,CURRENT_TIMESTAMP,1),
(45,12,77,5,CURRENT_TIMESTAMP,1,CURRENT_TIMESTAMP,1),
(45,12,78,5,CURRENT_TIMESTAMP,1,CURRENT_TIMESTAMP,1),
(45,12,79,5,CURRENT_TIMESTAMP,1,CURRENT_TIMESTAMP,1),
(45,12,80,5,CURRENT_TIMESTAMP,1,CURRENT_TIMESTAMP,1),
(45,10,81,6,CURRENT_TIMESTAMP,1,CURRENT_TIMESTAMP,1),
(45,10,82,6,CURRENT_TIMESTAMP,1,CURRENT_TIMESTAMP,1),
(45,11,83,4,CURRENT_TIMESTAMP,1,CURRENT_TIMESTAMP,1),
(45,11,84,4,CURRENT_TIMESTAMP,1,CURRENT_TIMESTAMP,1),
(45,11,85,4,CURRENT_TIMESTAMP,1,CURRENT_TIMESTAMP,1),
(45,11,86,4,CURRENT_TIMESTAMP,1,CURRENT_TIMESTAMP,1),
(45,11,87,4,CURRENT_TIMESTAMP,1,CURRENT_TIMESTAMP,1),
(45,11,88,4,CURRENT_TIMESTAMP,1,CURRENT_TIMESTAMP,1),
(45,11,89,3,CURRENT_TIMESTAMP,1,CURRENT_TIMESTAMP,1),
(45,11,90,4,CURRENT_TIMESTAMP,1,CURRENT_TIMESTAMP,1),
(45,11,91,6,CURRENT_TIMESTAMP,1,CURRENT_TIMESTAMP,1),
(45,11,92,5,CURRENT_TIMESTAMP,1,CURRENT_TIMESTAMP,1),
(46,15,105,4,CURRENT_TIMESTAMP,1,CURRENT_TIMESTAMP,1),
(46,15,106,4,CURRENT_TIMESTAMP,1,CURRENT_TIMESTAMP,1),
(10,1,1,4,CURRENT_TIMESTAMP,1,CURRENT_TIMESTAMP,1),
(10,1,2,4,CURRENT_TIMESTAMP,1,CURRENT_TIMESTAMP,1),
(10,1,3,4,CURRENT_TIMESTAMP,1,CURRENT_TIMESTAMP,1),
(10,5,18,7,CURRENT_TIMESTAMP,1,CURRENT_TIMESTAMP,1),
(10,6,19,2,CURRENT_TIMESTAMP,1,CURRENT_TIMESTAMP,1),
(10,6,20,4,CURRENT_TIMESTAMP,1,CURRENT_TIMESTAMP,1),
(10,6,21,7,CURRENT_TIMESTAMP,1,CURRENT_TIMESTAMP,1),
(11,13,93,4,CURRENT_TIMESTAMP,1,CURRENT_TIMESTAMP,1),
(11,13,94,4,CURRENT_TIMESTAMP,1,CURRENT_TIMESTAMP,1),
(11,14,101,4,CURRENT_TIMESTAMP,1,CURRENT_TIMESTAMP,1),
(11,14,102,7,CURRENT_TIMESTAMP,1,CURRENT_TIMESTAMP,1),
(11,14,103,2,CURRENT_TIMESTAMP,1,CURRENT_TIMESTAMP,1),
(11,15,104,4,CURRENT_TIMESTAMP,1,CURRENT_TIMESTAMP,1),
(15,13,118,7,CURRENT_TIMESTAMP,1,CURRENT_TIMESTAMP,1),
(15,13,119,4,CURRENT_TIMESTAMP,1,CURRENT_TIMESTAMP,1),
(15,13,120,4,CURRENT_TIMESTAMP,1,CURRENT_TIMESTAMP,1),
(16,13,118,7,CURRENT_TIMESTAMP,1,CURRENT_TIMESTAMP,1),
(16,13,121,4,CURRENT_TIMESTAMP,1,CURRENT_TIMESTAMP,1),
(16,13,119,4,CURRENT_TIMESTAMP,1,CURRENT_TIMESTAMP,1),
(17,14,122,7,CURRENT_TIMESTAMP,1,CURRENT_TIMESTAMP,1),
(17,13,119,4,CURRENT_TIMESTAMP,1,CURRENT_TIMESTAMP,1),
(17,13,120,4,CURRENT_TIMESTAMP,1,CURRENT_TIMESTAMP,1),
(17,14,123,4,CURRENT_TIMESTAMP,1,CURRENT_TIMESTAMP,1),
(18,14,123,4,CURRENT_TIMESTAMP,1,CURRENT_TIMESTAMP,1),
(18,14,124,7,CURRENT_TIMESTAMP,1,CURRENT_TIMESTAMP,1),
(18,14,125,4,CURRENT_TIMESTAMP,1,CURRENT_TIMESTAMP,1),
(19,14,126,5,CURRENT_TIMESTAMP,1,CURRENT_TIMESTAMP,1),
(19,14,127,8,CURRENT_TIMESTAMP,1,CURRENT_TIMESTAMP,1),
(19,14,128,4,CURRENT_TIMESTAMP,1,CURRENT_TIMESTAMP,1),
(20,14,129,6,CURRENT_TIMESTAMP,1,CURRENT_TIMESTAMP,1),
(21,15,130,7,CURRENT_TIMESTAMP,1,CURRENT_TIMESTAMP,1),
(22,15,131,4,CURRENT_TIMESTAMP,1,CURRENT_TIMESTAMP,1),
(22,15,132,7,CURRENT_TIMESTAMP,1,CURRENT_TIMESTAMP,1),
(22,15,133,4,CURRENT_TIMESTAMP,1,CURRENT_TIMESTAMP,1),
(23,15,134,2,CURRENT_TIMESTAMP,1,CURRENT_TIMESTAMP,1),
(23,16,135,7,CURRENT_TIMESTAMP,1,CURRENT_TIMESTAMP,1),
(23,13,119,4,CURRENT_TIMESTAMP,1,CURRENT_TIMESTAMP,1),
(23,13,120,4,CURRENT_TIMESTAMP,1,CURRENT_TIMESTAMP,1),
(23,15,130,7,CURRENT_TIMESTAMP,1,CURRENT_TIMESTAMP,1),
(24,14,125,4,CURRENT_TIMESTAMP,1,CURRENT_TIMESTAMP,1),
(24,16,135,7,CURRENT_TIMESTAMP,1,CURRENT_TIMESTAMP,1),
(24,13,119,4,CURRENT_TIMESTAMP,1,CURRENT_TIMESTAMP,1),
(24,16,136,4,CURRENT_TIMESTAMP,1,CURRENT_TIMESTAMP,1),
(25,16,137,7,CURRENT_TIMESTAMP,1,CURRENT_TIMESTAMP,1),
(25,16,138,4,CURRENT_TIMESTAMP,1,CURRENT_TIMESTAMP,1),
(26,16,137,7,CURRENT_TIMESTAMP,1,CURRENT_TIMESTAMP,1),
(26,14,128,4,CURRENT_TIMESTAMP,1,CURRENT_TIMESTAMP,1),
(26,16,139,2,CURRENT_TIMESTAMP,1,CURRENT_TIMESTAMP,1),
(27,17,140,7,CURRENT_TIMESTAMP,1,CURRENT_TIMESTAMP,1),
(27,17,141,4,CURRENT_TIMESTAMP,1,CURRENT_TIMESTAMP,1),
(27,18,142,2,CURRENT_TIMESTAMP,1,CURRENT_TIMESTAMP,1),
(28,15,130,7,CURRENT_TIMESTAMP,1,CURRENT_TIMESTAMP,1),
(28,17,140,7,CURRENT_TIMESTAMP,1,CURRENT_TIMESTAMP,1),
(29,16,135,7,CURRENT_TIMESTAMP,1,CURRENT_TIMESTAMP,1),
(29,18,143,6,CURRENT_TIMESTAMP,1,CURRENT_TIMESTAMP,1),
(29,17,140,7,CURRENT_TIMESTAMP,1,CURRENT_TIMESTAMP,1),
(30,19,144,2,CURRENT_TIMESTAMP,1,CURRENT_TIMESTAMP,1),
(30,19,145,4,CURRENT_TIMESTAMP,1,CURRENT_TIMESTAMP,1),
(30,16,139,2,CURRENT_TIMESTAMP,1,CURRENT_TIMESTAMP,1),
(31,20,146,6,CURRENT_TIMESTAMP,1,CURRENT_TIMESTAMP,1),
(31,14,128,4,CURRENT_TIMESTAMP,1,CURRENT_TIMESTAMP,1),
(32,21,147,6,CURRENT_TIMESTAMP,1,CURRENT_TIMESTAMP,1),
(32,14,129,6,CURRENT_TIMESTAMP,1,CURRENT_TIMESTAMP,1),
(33,21,148,6,CURRENT_TIMESTAMP,1,CURRENT_TIMESTAMP,1),
(33,13,119,4,CURRENT_TIMESTAMP,1,CURRENT_TIMESTAMP,1),
(34,21,149,6,CURRENT_TIMESTAMP,1,CURRENT_TIMESTAMP,1),
(34,18,142,2,CURRENT_TIMESTAMP,1,CURRENT_TIMESTAMP,1),
(35,21,150,6,CURRENT_TIMESTAMP,1,CURRENT_TIMESTAMP,1),
(35,22,151,2,CURRENT_TIMESTAMP,1,CURRENT_TIMESTAMP,1);


/*-------------------------------------------------------------------------------------------------------------------------------------------------------------
          Inserting data in CCIStaffUsersResourcePermissions Table
-------------------------------------------------------------------------------------------------------------------------------------------------------------*/
INSERT INTO `CCIStaffUsersResourcePermissions` (`cciStaffUserId`,`departmentResourceGroupId`,`resourcePermissionId`,`resourceActionId`,`createdBy`,`modifiedBy`)
VALUES (1000,1,1,4,1,1),
       (1000,1,3,4,1,1),
       (1000,1,4,4,1,1),
       (1000,1,5,7,1,1),
       (1000,1,6,7,1,1);
	   
SET FOREIGN_KEY_CHECKS= 1;